date,value,memo
2023-01-02,1272.6,첫 데이터
2023-01-03,1271.0,"전일대비 -1.60원(하락), 최근1일 평균(1272.6원) 대비 송금 유리"
2023-01-04,1271.7,"전일대비 +0.70원(상승), 최근2일 평균(1271.8원) 대비 송금 유리"
2023-01-05,1269.4,"전일대비 -2.30원(하락), 최근3일 평균(1271.8원) 대비 송금 유리"
2023-01-06,1268.6,"전일대비 -0.80원(하락), 최근4일 평균(1271.2원) 대비 송금 유리"
2023-01-09,1243.5,"전일대비 -25.10원(하락), 최근5일 평균(1270.7원) 대비 송금 유리"
2023-01-10,1244.7,"전일대비 +1.20원(상승), 최근6일 평균(1266.1원) 대비 송금 유리"
2023-01-11,1246.2,"전일대비 +1.50원(상승), 최근7일 평균(1263.1원) 대비 송금 유리"
2023-01-12,1245.8,"전일대비 -0.40원(하락), 최근8일 평균(1261.0원) 대비 송금 유리"
2023-01-13,1241.3,"전일대비 -4.50원(하락), 최근9일 평균(1259.3원) 대비 송금 유리"
2023-01-16,1235.3,"전일대비 -6.00원(하락), 최근10일 평균(1257.5원) 대비 송금 유리"
2023-01-17,1238.7,"전일대비 +3.40원(상승), 최근11일 평균(1255.5원) 대비 송금 유리"
2023-01-18,1237.4,"전일대비 -1.30원(하락), 최근12일 평균(1254.1원) 대비 송금 유리"
2023-01-19,1232.1,"전일대비 -5.30원(하락), 최근13일 평균(1252.8원) 대비 송금 유리"
2023-01-20,1235.5,"전일대비 +3.40원(상승), 최근14일 평균(1251.3원) 대비 송금 유리"
2023-01-25,1231.7,"전일대비 -3.80원(하락), 최근15일 평균(1250.3원) 대비 송금 유리"
2023-01-26,1230.7,"전일대비 -1.00원(하락), 최근16일 평균(1249.1원) 대비 송금 유리"
2023-01-27,1231.3,"전일대비 +0.60원(상승), 최근17일 평균(1248.0원) 대비 송금 유리"
2023-01-30,1227.4,"전일대비 -3.90원(하락), 최근18일 평균(1247.1원) 대비 송금 유리"
2023-01-31,1231.9,"전일대비 +4.50원(상승), 최근19일 평균(1246.0원) 대비 송금 유리"
2023-02-01,1231.3,"전일대비 -0.60원(하락), 최근20일 평균(1245.3원) 대비 송금 유리"
2023-02-02,1220.3,"전일대비 -11.00원(하락), 최근21일 평균(1244.7원) 대비 송금 유리"
2023-02-03,1229.4,"전일대비 +9.10원(상승), 최근22일 평균(1243.6원) 대비 송금 유리"
2023-02-06,1252.8,"전일대비 +23.40원(상승), 최근23일 평균(1242.9원) 대비 송금 불리"
2023-02-07,1255.3,"전일대비 +2.50원(상승), 최근24일 평균(1243.4원) 대비 송금 불리"
2023-02-08,1260.1,"전일대비 +4.80원(상승), 최근25일 평균(1243.8원) 대비 송금 불리"
2023-02-09,1260.4,"전일대비 +0.30원(상승), 최근26일 평균(1244.5원) 대비 송금 불리"
2023-02-10,1265.2,"전일대비 +4.80원(상승), 최근27일 평균(1245.1원) 대비 송금 불리"
2023-02-13,1277.3,"전일대비 +12.10원(상승), 최근28일 평균(1245.8원) 대비 송금 불리"
2023-02-14,1269.4,"전일대비 -7.90원(하락), 최근29일 평균(1246.9원) 대비 송금 불리"
2023-02-15,1282.2,"전일대비 +12.80원(상승), 최근30일 평균(1247.6원) 대비 송금 불리"
2023-02-16,1284.8,"전일대비 +2.60원(상승), 최근30일 평균(1247.9원) 대비 송금 불리"
2023-02-17,1299.5,"전일대비 +14.70원(상승), 최근30일 평균(1248.4원) 대비 송금 불리"
2023-02-20,1294.5,"전일대비 -5.00원(하락), 최근30일 평균(1249.3원) 대비 송금 불리"
2023-02-21,1295.9,"전일대비 +1.40원(상승), 최근30일 평균(1250.2원) 대비 송금 불리"
2023-02-22,1304.9,"전일대비 +9.00원(상승), 최근30일 평균(1251.1원) 대비 송금 불리"
2023-02-23,1297.1,"전일대비 -7.80원(하락), 최근30일 평균(1253.1원) 대비 송금 불리"
2023-02-24,1304.8,"전일대비 +7.70원(상승), 최근30일 평균(1254.9원) 대비 송금 불리"
2023-02-27,1323.0,"전일대비 +18.20원(상승), 최근30일 평균(1256.8원) 대비 송금 불리"
2023-02-28,1322.6,"전일대비 -0.40원(하락), 최근30일 평균(1259.4원) 대비 송금 불리"
2023-03-02,1315.3,"전일대비 -7.30원(하락), 최근30일 평균(1262.1원) 대비 송금 불리"
2023-03-03,1301.6,"전일대비 -13.70원(하락), 최근30일 평균(1264.8원) 대비 송금 불리"
2023-03-06,1296.9,"전일대비 -4.70원(하락), 최근30일 평균(1266.9원) 대비 송금 불리"
2023-03-07,1299.4,"전일대비 +2.50원(상승), 최근30일 평균(1268.8원) 대비 송금 불리"
2023-03-08,1321.4,"전일대비 +22.00원(상승), 최근30일 평균(1271.1원) 대비 송금 불리"
2023-03-09,1322.2,"전일대비 +0.80원(상승), 최근30일 평균(1273.9원) 대비 송금 불리"
2023-03-10,1324.2,"전일대비 +2.00원(상승), 최근30일 평균(1277.0원) 대비 송금 불리"
2023-03-13,1301.8,"전일대비 -22.40원(하락), 최근30일 평균(1280.1원) 대비 송금 불리"
2023-03-14,1311.1,"전일대비 +9.30원(상승), 최근30일 평균(1282.4원) 대비 송금 불리"
2023-03-15,1303.7,"전일대비 -7.40원(하락), 최근30일 평균(1285.2원) 대비 송금 불리"
2023-03-16,1313.0,"전일대비 +9.30원(상승), 최근30일 평균(1287.6원) 대비 송금 불리"
2023-03-17,1302.2,"전일대비 -10.80원(하락), 최근30일 평균(1290.3원) 대비 송금 불리"
2023-03-20,1310.5,"전일대비 +8.30원(상승), 최근30일 평균(1293.1원) 대비 송금 불리"
2023-03-21,1311.2,"전일대비 +0.70원(상승), 최근30일 평균(1295.8원) 대비 송금 불리"
2023-03-22,1307.7,"전일대비 -3.50원(하락), 최근30일 평균(1297.7원) 대비 송금 불리"
2023-03-23,1278.3,"전일대비 -29.40원(하락), 최근30일 평균(1299.5원) 대비 송금 유리"
2023-03-24,1294.3,"전일대비 +16.00원(상승), 최근30일 평균(1300.1원) 대비 송금 유리"
2023-03-27,1301.5,"전일대비 +7.20원(상승), 최근30일 평균(1301.2원) 대비 송금 불리"
2023-03-28,1298.8,"전일대비 -2.70원(하락), 최근30일 평균(1302.4원) 대비 송금 유리"
2023-03-29,1302.7,"전일대비 +3.90원(상승), 최근30일 평균(1303.1원) 대비 송금 유리"
2023-03-30,1299.0,"전일대비 -3.70원(하락), 최근30일 평균(1304.2원) 대비 송금 유리"
2023-03-31,1301.9,"전일대비 +2.90원(상승), 최근30일 평균(1304.8원) 대비 송금 유리"
2023-04-03,1316.5,"전일대비 +14.60원(상승), 최근30일 평균(1305.4원) 대비 송금 불리"
2023-04-04,1315.8,"전일대비 -0.70원(하락), 최근30일 평균(1305.9원) 대비 송금 불리"
2023-04-05,1310.5,"전일대비 -5.30원(하락), 최근30일 평균(1306.6원) 대비 송금 불리"
2023-04-06,1319.1,"전일대비 +8.60원(상승), 최근30일 평균(1307.1원) 대비 송금 불리"
2023-04-07,1316.7,"전일대비 -2.40원(하락), 최근30일 평균(1307.6원) 대비 송금 불리"
2023-04-10,1319.7,"전일대비 +3.00원(상승), 최근30일 평균(1308.3원) 대비 송금 불리"
2023-04-11,1322.2,"전일대비 +2.50원(상승), 최근30일 평균(1308.8원) 대비 송금 불리"
2023-04-12,1325.7,"전일대비 +3.50원(상승), 최근30일 평균(1308.7원) 대비 송금 불리"
2023-04-13,1310.4,"전일대비 -15.30원(하락), 최근30일 평균(1308.8원) 대비 송금 불리"
2023-04-14,1298.9,"전일대비 -11.50원(하락), 최근30일 평균(1308.7원) 대비 송금 유리"
2023-04-17,1311.1,"전일대비 +12.20원(상승), 최근30일 평균(1308.6원) 대비 송금 불리"
2023-04-18,1318.6,"전일대비 +7.50원(상승), 최근30일 평균(1309.0원) 대비 송금 불리"
2023-04-19,1325.7,"전일대비 +7.10원(상승), 최근30일 평균(1309.7원) 대비 송금 불리"
2023-04-20,1322.8,"전일대비 -2.90원(하락), 최근30일 평균(1309.8원) 대비 송금 불리"
2023-04-21,1328.2,"전일대비 +5.40원(상승), 최근30일 평균(1309.9원) 대비 송금 불리"
2023-04-24,1334.8,"전일대비 +6.60원(상승), 최근30일 평균(1310.0원) 대비 송금 불리"
2023-04-25,1332.2,"전일대비 -2.60원(하락), 최근30일 평균(1311.1원) 대비 송금 불리"
2023-04-26,1336.3,"전일대비 +4.10원(상승), 최근30일 평균(1311.8원) 대비 송금 불리"
2023-04-27,1338.0,"전일대비 +1.70원(상승), 최근30일 평균(1312.9원) 대비 송금 불리"
2023-04-28,1337.7,"전일대비 -0.30원(하락), 최근30일 평균(1313.7원) 대비 송금 불리"
2023-05-02,1342.1,"전일대비 +4.40원(상승), 최근30일 평균(1314.9원) 대비 송금 불리"
2023-05-03,1338.2,"전일대비 -3.90원(하락), 최근30일 평균(1315.9원) 대비 송금 불리"
2023-05-04,1322.8,"전일대비 -15.40원(하락), 최근30일 평균(1316.8원) 대비 송금 불리"
2023-05-08,1321.4,"전일대비 -1.40원(하락), 최근30일 평균(1317.3원) 대비 송금 불리"
2023-05-09,1323.9,"전일대비 +2.50원(상승), 최근30일 평균(1318.8원) 대비 송금 불리"
2023-05-10,1324.8,"전일대비 +0.90원(상승), 최근30일 평균(1319.8원) 대비 송금 불리"
2023-05-11,1326.3,"전일대비 +1.50원(상승), 최근30일 평균(1320.5원) 대비 송금 불리"
2023-05-12,1334.5,"전일대비 +8.20원(상승), 최근30일 평균(1321.5원) 대비 송금 불리"
2023-05-15,1337.0,"전일대비 +2.50원(상승), 최근30일 평균(1322.5원) 대비 송금 불리"
2023-05-16,1338.6,"전일대비 +1.60원(상승), 최근30일 평균(1323.8원) 대비 송금 불리"
2023-05-17,1337.2,"전일대비 -1.40원(하락), 최근30일 평균(1325.0원) 대비 송금 불리"
2023-05-18,1334.2,"전일대비 -3.00원(하락), 최근30일 평균(1325.7원) 대비 송금 불리"
2023-05-19,1326.7,"전일대비 -7.50원(하락), 최근30일 평균(1326.3원) 대비 송금 불리"
2023-05-22,1318.1,"전일대비 -8.60원(하락), 최근30일 평균(1326.9원) 대비 송금 유리"
2023-05-23,1312.7,"전일대비 -5.40원(하락), 최근30일 평균(1326.8원) 대비 송금 유리"
2023-05-24,1317.4,"전일대비 +4.70원(상승), 최근30일 평균(1326.7원) 대비 송금 유리"
2023-05-25,1326.0,"전일대비 +8.60원(상승), 최근30일 평균(1326.6원) 대비 송금 유리"
2023-05-26,1324.5,"전일대비 -1.50원(하락), 최근30일 평균(1326.7원) 대비 송금 유리"
2023-05-30,1324.9,"전일대비 +0.40원(상승), 최근30일 평균(1326.7원) 대비 송금 유리"
2023-05-31,1327.2,"전일대비 +2.30원(상승), 최근30일 평균(1327.2원) 대비 송금 불리"
2023-06-01,1321.6,"전일대비 -5.60원(하락), 최근30일 평균(1328.1원) 대비 송금 유리"
2023-06-02,1305.7,"전일대비 -15.90원(하락), 최근30일 평균(1328.5원) 대비 송금 유리"
2023-06-05,1308.1,"전일대비 +2.40원(상승), 최근30일 평균(1328.0원) 대비 송금 유리"
2023-06-07,1303.8,"전일대비 -4.30원(하락), 최근30일 평균(1327.5원) 대비 송금 유리"
2023-06-08,1303.7,"전일대비 -0.10원(하락), 최근30일 평균(1326.8원) 대비 송금 유리"
2023-06-09,1291.5,"전일대비 -12.20원(하락), 최근30일 평균(1326.0원) 대비 송금 유리"
2023-06-12,1288.3,"전일대비 -3.20원(하락), 최근30일 평균(1324.6원) 대비 송금 유리"
2023-06-13,1271.4,"전일대비 -16.90원(하락), 최근30일 평균(1323.1원) 대비 송금 유리"
2023-06-14,1278.5,"전일대비 +7.10원(상승), 최근30일 평균(1320.9원) 대비 송금 유리"
2023-06-15,1280.5,"전일대비 +2.00원(상승), 최근30일 평균(1319.0원) 대비 송금 유리"
2023-06-16,1271.9,"전일대비 -8.60원(하락), 최근30일 평균(1317.1원) 대비 송금 유리"
2023-06-19,1282.0,"전일대비 +10.10원(상승), 최근30일 평균(1314.7원) 대비 송금 유리"
2023-06-20,1280.3,"전일대비 -1.70원(하락), 최근30일 평균(1312.8원) 대비 송금 유리"
2023-06-21,1292.0,"전일대비 +11.70원(상승), 최근30일 평균(1311.4원) 대비 송금 유리"
2023-06-22,1294.9,"전일대비 +2.90원(상승), 최근30일 평균(1310.4원) 대비 송금 유리"
2023-06-23,1304.2,"전일대비 +9.30원(상승), 최근30일 평균(1309.5원) 대비 송금 유리"
2023-06-26,1306.3,"전일대비 +2.10원(상승), 최근30일 평균(1308.8원) 대비 송금 유리"
2023-06-27,1300.3,"전일대비 -6.00원(하락), 최근30일 평균(1308.1원) 대비 송금 유리"
2023-06-28,1307.3,"전일대비 +7.00원(상승), 최근30일 평균(1307.0원) 대비 송금 불리"
2023-06-29,1317.6,"전일대비 +10.30원(상승), 최근30일 평균(1306.0원) 대비 송금 불리"
2023-06-30,1317.7,"전일대비 +0.10원(상승), 최근30일 평균(1305.3원) 대비 송금 불리"
2023-07-03,1308.0,"전일대비 -9.70원(하락), 최근30일 평균(1304.6원) 대비 송금 불리"
2023-07-04,1301.4,"전일대비 -6.60원(하락), 최근30일 평균(1303.8원) 대비 송금 유리"
2023-07-05,1298.6,"전일대비 -2.80원(하락), 최근30일 평균(1302.9원) 대비 송금 유리"
2023-07-06,1300.9,"전일대비 +2.30원(상승), 최근30일 평균(1302.3원) 대비 송금 유리"
2023-07-07,1305.0,"전일대비 +4.10원(상승), 최근30일 평균(1301.9원) 대비 송금 불리"
2023-07-10,1306.5,"전일대비 +1.50원(상승), 최근30일 평균(1301.5원) 대비 송금 불리"
2023-07-11,1293.7,"전일대비 -12.80원(하락), 최근30일 평균(1300.8원) 대비 송금 유리"
2023-07-12,1288.7,"전일대비 -5.00원(하락), 최근30일 평균(1299.8원) 대비 송금 유리"
2023-07-13,1274.0,"전일대비 -14.70원(하락), 최근30일 평균(1298.6원) 대비 송금 유리"
2023-07-14,1265.8,"전일대비 -8.20원(하락), 최근30일 평균(1296.8원) 대비 송금 유리"
2023-07-17,1266.6,"전일대비 +0.80원(상승), 최근30일 평균(1295.0원) 대비 송금 유리"
2023-07-18,1260.4,"전일대비 -6.20원(하락), 최근30일 평균(1293.7원) 대비 송금 유리"
2023-07-19,1265.6,"전일대비 +5.20원(상승), 최근30일 평균(1292.1원) 대비 송금 유리"
2023-07-20,1269.9,"전일대비 +4.30원(상승), 최근30일 평균(1290.8원) 대비 송금 유리"
2023-07-21,1283.4,"전일대비 +13.50원(상승), 최근30일 평균(1289.7원) 대비 송금 유리"
2023-07-24,1279.9,"전일대비 -3.50원(하락), 최근30일 평균(1289.4원) 대비 송금 유리"
2023-07-25,1275.4,"전일대비 -4.50원(하락), 최근30일 평균(1289.1원) 대비 송금 유리"
2023-07-26,1274.5,"전일대비 -0.90원(하락), 최근30일 평균(1289.2원) 대비 송금 유리"
2023-07-27,1277.7,"전일대비 +3.20원(상승), 최근30일 평균(1289.1원) 대비 송금 유리"
2023-07-28,1277.0,"전일대비 -0.70원(하락), 최근30일 평균(1289.0원) 대비 송금 유리"
2023-07-31,1274.6,"전일대비 -2.40원(하락), 최근30일 평균(1289.2원) 대비 송금 유리"
2023-08-01,1283.8,"전일대비 +9.20원(상승), 최근30일 평균(1288.9원) 대비 송금 유리"
2023-08-02,1298.5,"전일대비 +14.70원(상승), 최근30일 평균(1289.1원) 대비 송금 불리"
2023-08-03,1299.1,"전일대비 +0.60원(상승), 최근30일 평균(1289.3원) 대비 송금 불리"
2023-08-04,1309.8,"전일대비 +10.70원(상승), 최근30일 평균(1289.4원) 대비 송금 불리"
2023-08-07,1306.2,"전일대비 -3.60원(하락), 최근30일 평균(1289.6원) 대비 송금 불리"
2023-08-08,1315.7,"전일대비 +9.50원(상승), 최근30일 평균(1289.6원) 대비 송금 불리"
2023-08-09,1315.7,"전일대비 +0.00원(보합), 최근30일 평균(1290.1원) 대비 송금 불리"
2023-08-10,1316.0,"전일대비 +0.30원(상승), 최근30일 평균(1290.4원) 대비 송금 불리"
2023-08-11,1324.9,"전일대비 +8.90원(상승), 최근30일 평균(1290.3원) 대비 송금 불리"
2023-08-14,1330.9,"전일대비 +6.00원(상승), 최근30일 평균(1290.6원) 대비 송금 불리"
2023-08-16,1336.9,"전일대비 +6.00원(상승), 최근30일 평균(1291.3원) 대비 송금 불리"
2023-08-17,1342.0,"전일대비 +5.10원(상승), 최근30일 평균(1292.5원) 대비 송금 불리"
2023-08-18,1338.3,"전일대비 -3.70원(하락), 최근30일 평균(1294.0원) 대비 송금 불리"
2023-08-21,1342.6,"전일대비 +4.30원(상승), 최근30일 평균(1295.2원) 대비 송금 불리"
2023-08-22,1335.5,"전일대비 -7.10원(하락), 최근30일 평균(1296.5원) 대비 송금 불리"
2023-08-23,1339.7,"전일대비 +4.20원(상승), 최근30일 평균(1297.4원) 대비 송금 불리"
2023-08-24,1322.6,"전일대비 -17.10원(하락), 최근30일 평균(1299.0원) 대비 송금 불리"
2023-08-25,1325.2,"전일대비 +2.60원(상승), 최근30일 평균(1300.1원) 대비 송금 불리"
2023-08-28,1323.4,"전일대비 -1.80원(하락), 최근30일 평균(1301.8원) 대비 송금 불리"
2023-08-29,1321.9,"전일대비 -1.50원(하락), 최근30일 평균(1303.7원) 대비 송금 불리"
2023-08-30,1323.4,"전일대비 +1.50원(상승), 최근30일 평균(1305.6원) 대비 송금 불리"
2023-08-31,1321.8,"전일대비 -1.60원(하락), 최근30일 평균(1307.7원) 대비 송금 불리"
2023-09-01,1318.8,"전일대비 -3.00원(하락), 최근30일 평균(1309.5원) 대비 송금 불리"
2023-09-04,1319.8,"전일대비 +1.00원(상승), 최근30일 평균(1311.2원) 대비 송금 불리"
2023-09-05,1330.6,"전일대비 +10.80원(상승), 최근30일 평균(1312.4원) 대비 송금 불리"
2023-09-06,1330.5,"전일대비 -0.10원(하락), 최근30일 평균(1314.1원) 대비 송금 불리"
2023-09-07,1335.4,"전일대비 +4.90원(상승), 최근30일 평균(1315.9원) 대비 송금 불리"
2023-09-08,1333.4,"전일대비 -2.00원(하락), 최근30일 평균(1317.9원) 대비 송금 불리"
2023-09-11,1331.1,"전일대비 -2.30원(하락), 최근30일 평균(1319.8원) 대비 송금 불리"
2023-09-12,1327.8,"전일대비 -3.30원(하락), 최근30일 평균(1321.6원) 대비 송금 불리"
2023-09-13,1330.0,"전일대비 +2.20원(상승), 최근30일 평균(1323.4원) 대비 송금 불리"
2023-09-14,1325.7,"전일대비 -4.30원(하락), 최근30일 평균(1324.9원) 대비 송금 불리"
2023-09-15,1325.9,"전일대비 +0.20원(상승), 최근30일 평균(1325.8원) 대비 송금 불리"
2023-09-18,1324.4,"전일대비 -1.50원(하락), 최근30일 평균(1326.7원) 대비 송금 유리"
2023-09-19,1328.5,"전일대비 +4.10원(상승), 최근30일 평균(1327.2원) 대비 송금 불리"
2023-09-20,1330.1,"전일대비 +1.60원(상승), 최근30일 평균(1327.9원) 대비 송금 불리"
2023-09-21,1339.7,"전일대비 +9.60원(상승), 최근30일 평균(1328.4원) 대비 송금 불리"
2023-09-22,1336.8,"전일대비 -2.90원(하락), 최근30일 평균(1329.2원) 대비 송금 불리"
2023-09-25,1336.5,"전일대비 -0.30원(하락), 최근30일 평균(1329.9원) 대비 송금 불리"
2023-09-26,1348.5,"전일대비 +12.00원(상승), 최근30일 평균(1330.3원) 대비 송금 불리"
2023-09-27,1349.3,"전일대비 +0.80원(상승), 최근30일 평균(1330.9원) 대비 송금 불리"
2023-10-04,1363.5,"전일대비 +14.20원(상승), 최근30일 평균(1331.3원) 대비 송금 불리"
2023-10-05,1350.5,"전일대비 -13.00원(하락), 최근30일 평균(1332.0원) 대비 송금 불리"
2023-10-06,1349.9,"전일대비 -0.60원(하락), 최근30일 평균(1332.4원) 대비 송금 불리"
2023-10-10,1349.5,"전일대비 -0.40원(하락), 최근30일 평균(1332.7원) 대비 송금 불리"
2023-10-11,1338.7,"전일대비 -10.80원(하락), 최근30일 평균(1333.1원) 대비 송금 불리"
2023-10-12,1338.5,"전일대비 -0.20원(하락), 최근30일 평균(1333.1원) 대비 송금 불리"
2023-10-13,1350.0,"전일대비 +11.50원(상승), 최근30일 평균(1333.6원) 대비 송금 불리"
2023-10-16,1353.7,"전일대비 +3.70원(상승), 최근30일 평균(1334.5원) 대비 송금 불리"
2023-10-17,1353.6,"전일대비 -0.10원(하락), 최근30일 평균(1335.5원) 대비 송금 불리"
2023-10-18,1349.6,"전일대비 -4.00원(하락), 최근30일 평균(1336.5원) 대비 송금 불리"
2023-10-19,1357.4,"전일대비 +7.80원(상승), 최근30일 평균(1337.4원) 대비 송금 불리"
2023-10-20,1352.4,"전일대비 -5.00원(하락), 최근30일 평균(1338.6원) 대비 송금 불리"
2023-10-23,1353.7,"전일대비 +1.30원(상승), 최근30일 평균(1339.7원) 대비 송금 불리"
2023-10-24,1343.1,"전일대비 -10.60원(하락), 최근30일 평균(1340.8원) 대비 송금 불리"
2023-10-25,1349.7,"전일대비 +6.60원(상승), 최근30일 평균(1341.3원) 대비 송금 불리"
2023-10-26,1360.0,"전일대비 +10.30원(상승), 최근30일 평균(1341.9원) 대비 송금 불리"
2023-10-27,1355.9,"전일대비 -4.10원(하락), 최근30일 평균(1342.7원) 대비 송금 불리"
2023-10-30,1350.9,"전일대비 -5.00원(하락), 최근30일 평균(1343.5원) 대비 송금 불리"
2023-10-31,1350.5,"전일대비 -0.40원(하락), 최근30일 평균(1344.1원) 대비 송금 불리"
2023-11-01,1357.3,"전일대비 +6.80원(상승), 최근30일 평균(1344.9원) 대비 송금 불리"
2023-11-02,1342.9,"전일대비 -14.40원(하락), 최근30일 평균(1345.8원) 대비 송금 유리"
2023-11-03,1322.4,"전일대비 -20.50원(하락), 최근30일 평균(1346.4원) 대비 송금 유리"
2023-11-06,1297.3,"전일대비 -25.10원(하락), 최근30일 평균(1346.2원) 대비 송금 유리"
2023-11-07,1307.9,"전일대비 +10.60원(상승), 최근30일 평균(1345.3원) 대비 송금 유리"
2023-11-08,1310.6,"전일대비 +2.70원(상승), 최근30일 평균(1344.7원) 대비 송금 유리"
2023-11-09,1310.1,"전일대비 -0.50원(하락), 최근30일 평균(1344.0원) 대비 송금 유리"
2023-11-10,1316.8,"전일대비 +6.70원(상승), 최근30일 평균(1343.0원) 대비 송금 유리"
2023-11-13,1325.1,"전일대비 +8.30원(상승), 최근30일 평균(1342.4원) 대비 송금 유리"
2023-11-14,1328.9,"전일대비 +3.80원(상승), 최근30일 평균(1342.0원) 대비 송금 유리"
2023-11-15,1300.8,"전일대비 -28.10원(하락), 최근30일 평균(1341.3원) 대비 송금 유리"
2023-11-16,1296.9,"전일대비 -3.90원(하락), 최근30일 평균(1339.7원) 대비 송금 유리"
2023-11-17,1296.9,"전일대비 +0.00원(보합), 최근30일 평균(1337.5원) 대비 송금 유리"
2023-11-20,1291.6,"전일대비 -5.30원(하락), 최근30일 평균(1335.7원) 대비 송금 유리"
2023-11-21,1289.2,"전일대비 -2.40원(하락), 최근30일 평균(1333.8원) 대비 송금 유리"
2023-11-22,1300.5,"전일대비 +11.30원(상승), 최근30일 평균(1331.7원) 대비 송금 유리"
2023-11-23,1297.5,"전일대비 -3.00원(하락), 최근30일 평균(1330.5원) 대비 송금 유리"
2023-11-24,1306.4,"전일대비 +8.90원(상승), 최근30일 평균(1329.1원) 대비 송금 유리"
2023-11-27,1303.8,"전일대비 -2.60원(하락), 최근30일 평균(1327.7원) 대비 송금 유리"
2023-11-28,1293.7,"전일대비 -10.10원(하락), 최근30일 평균(1326.0원) 대비 송금 유리"
2023-11-29,1289.6,"전일대비 -4.10원(하락), 최근30일 평균(1324.0원) 대비 송금 유리"
2023-11-30,1290.0,"전일대비 +0.40원(상승), 최근30일 평균(1322.0원) 대비 송금 유리"
2023-12-01,1305.8,"전일대비 +15.80원(상승), 최근30일 평균(1319.7원) 대비 송금 유리"
2023-12-04,1304.0,"전일대비 -1.80원(하락), 최근30일 평균(1318.2원) 대비 송금 유리"
2023-12-05,1311.2,"전일대비 +7.20원(상승), 최근30일 평균(1316.5원) 대비 송금 유리"
2023-12-06,1313.1,"전일대비 +1.90원(상승), 최근30일 평균(1315.5원) 대비 송금 유리"
2023-12-07,1325.3,"전일대비 +12.20원(상승), 최근30일 평균(1314.3원) 대비 송금 불리"
2023-12-08,1306.8,"전일대비 -18.50원(하락), 최근30일 평균(1313.1원) 대비 송금 유리"
2023-12-11,1316.5,"전일대비 +9.70원(상승), 최근30일 평균(1311.5원) 대비 송금 불리"
2023-12-12,1314.0,"전일대비 -2.50원(하락), 최근30일 평균(1310.3원) 대비 송금 불리"
2023-12-13,1319.9,"전일대비 +5.90원(상승), 최근30일 평균(1309.1원) 대비 송금 불리"
2023-12-14,1295.4,"전일대비 -24.50원(하락), 최근30일 평균(1307.8원) 대비 송금 유리"
2023-12-15,1296.5,"전일대비 +1.10원(상승), 최근30일 평균(1306.3원) 대비 송금 유리"
2023-12-18,1297.2,"전일대비 +0.70원(상승), 최근30일 평균(1305.4원) 대비 송금 유리"
2023-12-19,1307.8,"전일대비 +10.60원(상승), 최근30일 평균(1305.4원) 대비 송금 불리"
2023-12-20,1298.9,"전일대비 -8.90원(하락), 최근30일 평균(1305.4원) 대비 송금 유리"
2023-12-21,1305.1,"전일대비 +6.20원(상승), 최근30일 평균(1305.0원) 대비 송금 불리"
2023-12-22,1303.0,"전일대비 -2.10원(하락), 최근30일 평균(1304.8원) 대비 송금 유리"
2023-12-26,1294.5,"전일대비 -8.50원(하락), 최근30일 평균(1304.4원) 대비 송금 유리"
2023-12-27,1294.2,"전일대비 -0.30원(하락), 최근30일 평균(1303.4원) 대비 송금 유리"
2023-12-28,1288.0,"전일대비 -6.20원(하락), 최근30일 평균(1302.2원) 대비 송금 유리"
2024-01-02,1300.4,"전일대비 +12.40원(상승), 최근30일 평균(1301.8원) 대비 송금 유리"
2024-01-03,1304.8,"전일대비 +4.40원(상승), 최근30일 평균(1301.9원) 대비 송금 불리"
2024-01-04,1310.0,"전일대비 +5.20원(상승), 최근30일 평균(1302.2원) 대비 송금 불리"
2024-01-05,1315.4,"전일대비 +5.40원(상승), 최근30일 평균(1302.8원) 대비 송금 불리"
2024-01-08,1316.0,"전일대비 +0.60원(상승), 최근30일 평균(1303.6원) 대비 송금 불리"
2024-01-09,1315.7,"전일대비 -0.30원(하락), 최근30일 평균(1304.2원) 대비 송금 불리"
2024-01-10,1320.1,"전일대비 +4.40원(상승), 최근30일 평균(1304.8원) 대비 송금 불리"
2024-01-11,1312.9,"전일대비 -7.20원(하락), 최근30일 평균(1305.2원) 대비 송금 불리"
2024-01-12,1313.5,"전일대비 +0.60원(상승), 최근30일 평균(1305.5원) 대비 송금 불리"
2024-01-15,1320.2,"전일대비 +6.70원(상승), 최근30일 평균(1306.2원) 대비 송금 불리"
2024-01-16,1331.8,"전일대비 +11.60원(상승), 최근30일 평균(1307.2원) 대비 송금 불리"
2024-01-17,1344.2,"전일대비 +12.40원(상승), 최근30일 평균(1308.6원) 대비 송금 불리"
2024-01-18,1339.7,"전일대비 -4.50원(하락), 최근30일 평균(1309.9원) 대비 송금 불리"
2024-01-19,1339.0,"전일대비 -0.70원(하락), 최근30일 평균(1311.1원) 대비 송금 불리"
2024-01-22,1338.9,"전일대비 -0.10원(하락), 최근30일 평균(1312.0원) 대비 송금 불리"
2024-01-23,1333.4,"전일대비 -5.50원(하락), 최근30일 평균(1312.9원) 대비 송금 불리"
2024-01-24,1337.0,"전일대비 +3.60원(상승), 최근30일 평균(1313.1원) 대비 송금 불리"
2024-01-25,1335.8,"전일대비 -1.20원(하락), 최근30일 평균(1314.1원) 대비 송금 불리"
2024-01-26,1336.3,"전일대비 +0.50원(상승), 최근30일 평균(1314.8원) 대비 송금 불리"
2024-01-29,1335.7,"전일대비 -0.60원(하락), 최근30일 평균(1315.5원) 대비 송금 불리"
2024-01-30,1329.4,"전일대비 -6.30원(하락), 최근30일 평균(1316.0원) 대비 송금 불리"
2024-01-31,1334.6,"전일대비 +5.20원(상승), 최근30일 평균(1317.2원) 대비 송금 불리"
2024-02-01,1331.8,"전일대비 -2.80원(하락), 최근30일 평균(1318.5원) 대비 송금 불리"
2024-02-02,1322.6,"전일대비 -9.20원(하락), 최근30일 평균(1319.6원) 대비 송금 불리"
2024-02-05,1330.8,"전일대비 +8.20원(상승), 최근30일 평균(1320.1원) 대비 송금 불리"
2024-02-06,1327.6,"전일대비 -3.20원(하락), 최근30일 평균(1321.2원) 대비 송금 불리"
2024-02-07,1327.8,"전일대비 +0.20원(상승), 최근30일 평균(1321.9원) 대비 송금 불리"
2024-02-08,1328.2,"전일대비 +0.40원(상승), 최근30일 평균(1322.7원) 대비 송금 불리"
2024-02-13,1328.1,"전일대비 -0.10원(하락), 최근30일 평균(1323.9원) 대비 송금 불리"
2024-02-14,1335.4,"전일대비 +7.30원(상승), 최근30일 평균(1325.0원) 대비 송금 불리"
2024-02-15,1334.0,"전일대비 -1.40원(하락), 최근30일 평균(1326.6원) 대비 송금 불리"
2024-02-16,1335.4,"전일대비 +1.40원(상승), 최근30일 평균(1327.7원) 대비 송금 불리"
2024-02-19,1335.2,"전일대비 -0.20원(하락), 최근30일 평균(1328.7원) 대비 송금 불리"
2024-02-20,1337.6,"전일대비 +2.40원(상승), 최근30일 평균(1329.5원) 대비 송금 불리"
2024-02-21,1334.7,"전일대비 -2.90원(하락), 최근30일 평균(1330.3원) 대비 송금 불리"
2024-02-22,1328.7,"전일대비 -6.00원(하락), 최근30일 평균(1330.9원) 대비 송금 유리"
2024-02-23,1331.0,"전일대비 +2.30원(상승), 최근30일 평균(1331.3원) 대비 송금 유리"
2024-02-26,1331.1,"전일대비 +0.10원(상승), 최근30일 평균(1331.7원) 대비 송금 유리"
2024-02-27,1331.0,"전일대비 -0.10원(하락), 최근30일 평균(1332.3원) 대비 송금 유리"
2024-02-28,1333.6,"전일대비 +2.60원(상승), 최근30일 평균(1332.9원) 대비 송금 불리"
2024-02-29,1331.5,"전일대비 -2.10원(하락), 최근30일 평균(1333.3원) 대비 송금 유리"
2024-03-04,1331.3,"전일대비 -0.20원(하락), 최근30일 평균(1333.3원) 대비 송금 유리"
2024-03-05,1334.5,"전일대비 +3.20원(상승), 최근30일 평균(1332.9원) 대비 송금 불리"
2024-03-06,1334.5,"전일대비 +0.00원(보합), 최근30일 평균(1332.7원) 대비 송금 불리"
2024-03-07,1330.9,"전일대비 -3.60원(하락), 최근30일 평균(1332.6원) 대비 송금 유리"
2024-03-08,1319.8,"전일대비 -11.10원(하락), 최근30일 평균(1332.3원) 대비 송금 유리"
2024-03-11,1310.3,"전일대비 -9.50원(하락), 최근30일 평균(1331.9원) 대비 송금 유리"
2024-03-12,1311.0,"전일대비 +0.70원(상승), 최근30일 평균(1331.0원) 대비 송금 유리"
2024-03-13,1314.5,"전일대비 +3.50원(상승), 최근30일 평균(1330.1원) 대비 송금 유리"
2024-03-14,1317.6,"전일대비 +3.10원(상승), 최근30일 평균(1329.4원) 대비 송금 유리"
2024-03-15,1330.5,"전일대비 +12.90원(상승), 최근30일 평균(1328.8원) 대비 송금 불리"
2024-03-18,1333.7,"전일대비 +3.20원(상승), 최근30일 평균(1328.9원) 대비 송금 불리"
2024-03-19,1339.8,"전일대비 +6.10원(상승), 최근30일 평균(1328.8원) 대비 송금 불리"
2024-03-20,1339.6,"전일대비 -0.20원(하락), 최근30일 평균(1329.1원) 대비 송금 불리"
2024-03-21,1322.4,"전일대비 -17.20원(하락), 최근30일 평균(1329.7원) 대비 송금 유리"
2024-03-22,1338.4,"전일대비 +16.00원(상승), 최근30일 평균(1329.4원) 대비 송금 불리"
2024-03-25,1342.1,"전일대비 +3.70원(상승), 최근30일 평균(1329.7원) 대비 송금 불리"
2024-03-26,1339.5,"전일대비 -2.60원(하락), 최근30일 평균(1330.2원) 대비 송금 불리"
2024-03-27,1348.7,"전일대비 +9.20원(상승), 최근30일 평균(1330.6원) 대비 송금 불리"
2024-03-28,1346.2,"전일대비 -2.50원(하락), 최근30일 평균(1331.3원) 대비 송금 불리"
2024-03-29,1347.2,"전일대비 +1.00원(상승), 최근30일 평균(1331.6원) 대비 송금 불리"
2024-04-01,1349.4,"전일대비 +2.20원(상승), 최근30일 평균(1332.1원) 대비 송금 불리"
2024-04-02,1352.1,"전일대비 +2.70원(상승), 최근30일 평균(1332.5원) 대비 송금 불리"
2024-04-03,1348.9,"전일대비 -3.20원(하락), 최근30일 평균(1333.1원) 대비 송금 불리"
2024-04-04,1347.1,"전일대비 -1.80원(하락), 최근30일 평균(1333.5원) 대비 송금 불리"
2024-04-05,1352.8,"전일대비 +5.70원(상승), 최근30일 평균(1333.9원) 대비 송금 불리"
2024-04-08,1353.2,"전일대비 +0.40원(상승), 최근30일 평균(1334.7원) 대비 송금 불리"
2024-04-09,1354.9,"전일대비 +1.70원(상승), 최근30일 평균(1335.4원) 대비 송금 불리"
2024-04-11,1364.1,"전일대비 +9.20원(상승), 최근30일 평균(1336.2원) 대비 송금 불리"
2024-04-12,1375.4,"전일대비 +11.30원(상승), 최근30일 평균(1337.3원) 대비 송금 불리"
2024-04-15,1384.0,"전일대비 +8.60원(상승), 최근30일 평균(1338.7원) 대비 송금 불리"
2024-04-16,1394.5,"전일대비 +10.50원(상승), 최근30일 평균(1340.5원) 대비 송금 불리"
2024-04-17,1386.8,"전일대비 -7.70원(하락), 최근30일 평균(1342.6원) 대비 송금 불리"
2024-04-18,1372.9,"전일대비 -13.90원(하락), 최근30일 평균(1344.3원) 대비 송금 불리"
2024-04-19,1382.2,"전일대비 +9.30원(상승), 최근30일 평균(1345.6원) 대비 송금 불리"
2024-04-22,1379.2,"전일대비 -3.00원(하락), 최근30일 평균(1347.3원) 대비 송금 불리"
2024-04-23,1378.3,"전일대비 -0.90원(하락), 최근30일 평균(1349.3원) 대비 송금 불리"
2024-04-24,1369.2,"전일대비 -9.10원(하락), 최근30일 평균(1351.6원) 대비 송금 불리"
2024-04-25,1375.0,"전일대비 +5.80원(상승), 최근30일 평균(1353.5원) 대비 송금 불리"
2024-04-26,1375.3,"전일대비 +0.30원(상승), 최근30일 평균(1355.5원) 대비 송금 불리"
2024-04-29,1377.0,"전일대비 +1.70원(상승), 최근30일 평균(1357.4원) 대비 송금 불리"
2024-04-30,1382.0,"전일대비 +5.00원(상승), 최근30일 평균(1359.0원) 대비 송금 불리"
2024-05-02,1375.9,"전일대비 -6.10원(하락), 최근30일 평균(1360.6원) 대비 송금 불리"
2024-05-03,1362.8,"전일대비 -13.10원(하락), 최근30일 평균(1361.8원) 대비 송금 불리"
2024-05-07,1360.1,"전일대비 -2.70원(하락), 최근30일 평균(1362.6원) 대비 송금 유리"
2024-05-08,1361.5,"전일대비 +1.40원(상승), 최근30일 평균(1363.8원) 대비 송금 유리"
2024-05-09,1370.1,"전일대비 +8.60원(상승), 최근30일 평균(1364.6원) 대비 송금 불리"
2024-05-10,1368.1,"전일대비 -2.00원(하락), 최근30일 평균(1365.5원) 대비 송금 불리"
2024-05-13,1368.2,"전일대비 +0.10원(상승), 최근30일 평균(1366.5원) 대비 송금 불리"
2024-05-14,1369.1,"전일대비 +0.90원(상승), 최근30일 평균(1367.1원) 대비 송금 불리"
2024-05-16,1345.0,"전일대비 -24.10원(하락), 최근30일 평균(1367.9원) 대비 송금 유리"
2024-05-17,1354.9,"전일대비 +9.90원(상승), 최근30일 평균(1367.8원) 대비 송금 유리"
2024-05-20,1355.9,"전일대비 +1.00원(상승), 최근30일 평균(1368.0원) 대비 송금 유리"
2024-05-21,1363.3,"전일대비 +7.40원(상승), 최근30일 평균(1368.1원) 대비 송금 유리"
2024-05-22,1362.9,"전일대비 -0.40원(하락), 최근30일 평균(1368.6원) 대비 송금 유리"
2024-05-23,1362.4,"전일대비 -0.50원(하락), 최근30일 평균(1369.2원) 대비 송금 유리"
2024-05-24,1369.5,"전일대비 +7.10원(상승), 최근30일 평균(1369.5원) 대비 송금 불리"
2024-05-27,1363.8,"전일대비 -5.70원(하락), 최근30일 평균(1370.0원) 대비 송금 유리"
2024-05-28,1358.5,"전일대비 -5.30원(하락), 최근30일 평균(1370.3원) 대비 송금 유리"
2024-05-29,1365.0,"전일대비 +6.50원(상승), 최근30일 평균(1370.1원) 대비 송금 유리"
2024-05-30,1379.4,"전일대비 +14.40원(상승), 최근30일 평균(1369.8원) 대비 송금 불리"
2024-05-31,1384.5,"전일대비 +5.10원(상승), 최근30일 평균(1369.6원) 대비 송금 불리"
2024-06-03,1376.1,"전일대비 -8.40원(하락), 최근30일 평균(1369.3원) 대비 송금 불리"
2024-06-04,1376.0,"전일대비 -0.10원(하락), 최근30일 평균(1368.9원) 대비 송금 불리"
2024-06-05,1373.0,"전일대비 -3.00원(하락), 최근30일 평균(1369.0원) 대비 송금 불리"
2024-06-07,1365.3,"전일대비 -7.70원(하락), 최근30일 평균(1368.7원) 대비 송금 유리"
2024-06-10,1376.0,"전일대비 +10.70원(상승), 최근30일 평균(1368.3원) 대비 송금 불리"
2024-06-11,1378.4,"전일대비 +2.40원(상승), 최근30일 평균(1368.2원) 대비 송금 불리"
2024-06-12,1376.2,"전일대비 -2.20원(하락), 최근30일 평균(1368.5원) 대비 송금 불리"
2024-06-13,1373.9,"전일대비 -2.30원(하락), 최근30일 평균(1368.5원) 대비 송금 불리"
2024-06-14,1379.3,"전일대비 +5.40원(상승), 최근30일 평균(1368.5원) 대비 송금 불리"
2024-06-17,1381.2,"전일대비 +1.90원(상승), 최근30일 평균(1368.6원) 대비 송금 불리"
2024-06-18,1381.1,"전일대비 -0.10원(하락), 최근30일 평균(1368.5원) 대비 송금 불리"
2024-06-19,1381.8,"전일대비 +0.70원(상승), 최근30일 평균(1368.7원) 대비 송금 불리"
2024-06-20,1384.7,"전일대비 +2.90원(상승), 최근30일 평균(1369.3원) 대비 송금 불리"
2024-06-21,1388.3,"전일대비 +3.60원(상승), 최근30일 평균(1370.2원) 대비 송금 불리"
2024-06-24,1389.0,"전일대비 +0.70원(상승), 최근30일 평균(1371.1원) 대비 송금 불리"
2024-06-25,1387.5,"전일대비 -1.50원(하락), 최근30일 평균(1371.7원) 대비 송금 불리"
2024-06-26,1388.7,"전일대비 +1.20원(상승), 최근30일 평균(1372.3원) 대비 송금 불리"
2024-06-27,1385.8,"전일대비 -2.90원(하락), 최근30일 평균(1373.0원) 대비 송금 불리"
2024-06-28,1376.7,"전일대비 -9.10원(하락), 최근30일 평균(1373.6원) 대비 송금 불리"
2024-07-01,1379.3,"전일대비 +2.60원(상승), 최근30일 평균(1374.6원) 대비 송금 불리"
2024-07-02,1388.2,"전일대비 +8.90원(상승), 최근30일 평균(1375.5원) 대비 송금 불리"
2024-07-03,1390.6,"전일대비 +2.40원(상승), 최근30일 평균(1376.5원) 대비 송금 불리"
2024-07-04,1380.4,"전일대비 -10.20원(하락), 최근30일 평균(1377.4원) 대비 송금 불리"
2024-07-05,1380.3,"전일대비 -0.10원(하락), 최근30일 평균(1378.0원) 대비 송금 불리"
2024-07-08,1383.3,"전일대비 +3.00원(상승), 최근30일 평균(1378.6원) 대비 송금 불리"
2024-07-09,1381.6,"전일대비 -1.70원(하락), 최근30일 평균(1379.1원) 대비 송금 불리"
2024-07-10,1384.7,"전일대비 +3.10원(상승), 최근30일 평균(1379.7원) 대비 송금 불리"
2024-07-11,1378.8,"전일대비 -5.90원(하락), 최근30일 평균(1380.5원) 대비 송금 유리"
2024-07-12,1379.6,"전일대비 +0.80원(상승), 최근30일 평균(1381.0원) 대비 송금 유리"
2024-07-15,1382.8,"전일대비 +3.20원(상승), 최근30일 평균(1381.0원) 대비 송금 불리"
2024-07-16,1384.9,"전일대비 +2.10원(상승), 최근30일 평균(1381.0원) 대비 송금 불리"
2024-07-17,1381.5,"전일대비 -3.40원(하락), 최근30일 평균(1381.2원) 대비 송금 불리"
2024-07-18,1381.7,"전일대비 +0.20원(상승), 최근30일 평균(1381.4원) 대비 송금 불리"
2024-07-19,1386.7,"전일대비 +5.00원(상승), 최근30일 평균(1381.7원) 대비 송금 불리"
2024-07-22,1388.2,"전일대비 +1.50원(상승), 최근30일 평균(1382.4원) 대비 송금 불리"
2024-07-23,1386.2,"전일대비 -2.00원(하락), 최근30일 평균(1382.8원) 대비 송금 불리"
2024-07-24,1383.8,"전일대비 -2.40원(하락), 최근30일 평균(1383.1원) 대비 송금 불리"
2024-07-25,1385.4,"전일대비 +1.60원(상승), 최근30일 평균(1383.4원) 대비 송금 불리"
2024-07-26,1385.8,"전일대비 +0.40원(상승), 최근30일 평균(1383.7원) 대비 송금 불리"
2024-07-29,1381.9,"전일대비 -3.90원(하락), 최근30일 평균(1384.0원) 대비 송금 유리"
2024-07-30,1385.3,"전일대비 +3.40원(상승), 최근30일 평균(1384.0원) 대비 송금 불리"
2024-07-31,1376.5,"전일대비 -8.80원(하락), 최근30일 평균(1384.1원) 대비 송금 유리"
2024-08-01,1366.2,"전일대비 -10.30원(하락), 최근30일 평균(1383.9원) 대비 송금 유리"
2024-08-02,1371.2,"전일대비 +5.00원(상승), 최근30일 평균(1383.3원) 대비 송금 유리"
2024-08-05,1374.8,"전일대비 +3.60원(상승), 최근30일 평균(1382.8원) 대비 송금 유리"
2024-08-06,1375.6,"전일대비 +0.80원(상승), 최근30일 평균(1382.3원) 대비 송금 유리"
2024-08-07,1376.8,"전일대비 +1.20원(상승), 최근30일 평균(1381.9원) 대비 송금 유리"
2024-08-08,1377.2,"전일대비 +0.40원(상승), 최근30일 평균(1381.5원) 대비 송금 유리"
2024-08-09,1364.6,"전일대비 -12.60원(하락), 최근30일 평균(1381.2원) 대비 송금 유리"
2024-08-12,1372.0,"전일대비 +7.40원(상승), 최근30일 평균(1380.8원) 대비 송금 유리"
2024-08-13,1370.4,"전일대비 -1.60원(하락), 최근30일 평균(1380.6원) 대비 송금 유리"
2024-08-14,1360.6,"전일대비 -9.80원(하락), 최근30일 평균(1380.0원) 대비 송금 유리"
2024-08-16,1357.6,"전일대비 -3.00원(하락), 최근30일 평균(1379.0원) 대비 송금 유리"
2024-08-19,1334.0,"전일대비 -23.60원(하락), 최근30일 평균(1378.2원) 대비 송금 유리"
2024-08-20,1333.2,"전일대비 -0.80원(하락), 최근30일 평균(1376.7원) 대비 송금 유리"
2024-08-21,1336.6,"전일대비 +3.40원(상승), 최근30일 평균(1375.0원) 대비 송금 유리"
2024-08-22,1334.7,"전일대비 -1.90원(하락), 최근30일 평균(1373.5원) 대비 송금 유리"
2024-08-23,1338.8,"전일대비 +4.10원(상승), 최근30일 평균(1371.8원) 대비 송금 유리"
2024-08-26,1326.8,"전일대비 -12.00원(하락), 최근30일 평균(1370.5원) 대비 송금 유리"
2024-08-27,1331.0,"전일대비 +4.20원(상승), 최근30일 평균(1368.7원) 대비 송금 유리"
2024-08-28,1339.0,"전일대비 +8.00원(상승), 최근30일 평균(1367.0원) 대비 송금 유리"
2024-08-29,1333.2,"전일대비 -5.80원(하락), 최근30일 평균(1365.5원) 대비 송금 유리"
2024-08-30,1336.0,"전일대비 +2.80원(상승), 최근30일 평균(1363.9원) 대비 송금 유리"
2024-09-02,1338.4,"전일대비 +2.40원(상승), 최근30일 평균(1362.3원) 대비 송금 유리"
2024-09-03,1341.4,"전일대비 +3.00원(상승), 최근30일 평균(1360.7원) 대비 송금 유리"
2024-09-04,1342.2,"전일대비 +0.80원(상승), 최근30일 평균(1359.2원) 대비 송금 유리"
2024-09-05,1335.9,"전일대비 -6.30원(하락), 최근30일 평균(1357.7원) 대비 송금 유리"
2024-09-06,1327.6,"전일대비 -8.30원(하락), 최근30일 평균(1356.1원) 대비 송금 유리"
2024-09-09,1339.8,"전일대비 +12.20원(상승), 최근30일 평균(1354.2원) 대비 송금 유리"
2024-09-10,1343.7,"전일대비 +3.90원(상승), 최근30일 평균(1352.6원) 대비 송금 유리"
2024-09-11,1339.0,"전일대비 -4.70원(하락), 최근30일 평균(1351.4원) 대비 송금 유리"
2024-09-12,1338.7,"전일대비 -0.30원(하락), 최근30일 평균(1349.8원) 대비 송금 유리"
2024-09-13,1329.5,"전일대비 -9.20원(하락), 최근30일 평균(1348.6원) 대비 송금 유리"
2024-09-19,1329.0,"전일대비 -0.50원(하락), 최근30일 평균(1347.3원) 대비 송금 유리"
2024-09-20,1329.1,"전일대비 +0.10원(상승), 최근30일 평균(1345.9원) 대비 송금 유리"
2024-09-23,1335.9,"전일대비 +6.80원(상승), 최근30일 평균(1344.4원) 대비 송금 유리"
2024-09-24,1334.9,"전일대비 -1.00원(하락), 최근30일 평균(1343.1원) 대비 송금 유리"
2024-09-25,1331.0,"전일대비 -3.90원(하락), 최근30일 평균(1341.7원) 대비 송금 유리"
2024-09-26,1327.2,"전일대비 -3.80원(하락), 최근30일 평균(1340.2원) 대비 송금 유리"
2024-09-27,1318.6,"전일대비 -8.60원(하락), 최근30일 평균(1338.9원) 대비 송금 유리"
2024-09-30,1307.8,"전일대비 -10.80원(하락), 최근30일 평균(1337.1원) 대비 송금 유리"
2024-10-02,1319.3,"전일대비 +11.50원(상승), 최근30일 평균(1335.0원) 대비 송금 유리"
2024-10-04,1333.7,"전일대비 +14.40원(상승), 최근30일 평균(1333.7원) 대비 송금 불리"
2024-10-07,1346.7,"전일대비 +13.00원(상승), 최근30일 평균(1332.9원) 대비 송금 불리"
2024-10-08,1349.7,"전일대비 +3.00원(상승), 최근30일 평균(1333.3원) 대비 송금 불리"
2024-10-10,1350.2,"전일대비 +0.50원(상승), 최근30일 평균(1333.8원) 대비 송금 불리"
2024-10-11,1349.5,"전일대비 -0.70원(하락), 최근30일 평균(1334.3원) 대비 송금 불리"
2024-10-14,1355.9,"전일대비 +6.40원(상승), 최근30일 평균(1334.8원) 대비 송금 불리"
2024-10-15,1361.3,"전일대비 +5.40원(상승), 최근30일 평균(1335.4원) 대비 송금 불리"
2024-10-16,1362.6,"전일대비 +1.30원(상승), 최근30일 평균(1336.5원) 대비 송금 불리"
2024-10-17,1368.6,"전일대비 +6.00원(상승), 최근30일 평균(1337.6원) 대비 송금 불리"
2024-10-18,1369.7,"전일대비 +1.10원(상승), 최근30일 평균(1338.5원) 대비 송금 불리"
2024-10-21,1375.2,"전일대비 +5.50원(상승), 최근30일 평균(1339.8원) 대비 송금 불리"
2024-10-22,1380.1,"전일대비 +4.90원(상승), 최근30일 평균(1341.1원) 대비 송금 불리"
2024-10-23,1382.2,"전일대비 +2.10원(상승), 최근30일 평균(1342.5원) 대비 송금 불리"
2024-10-24,1380.2,"전일대비 -2.00원(하락), 최근30일 평균(1343.8원) 대비 송금 불리"
2024-10-25,1388.7,"전일대비 +8.50원(상승), 최근30일 평균(1345.1원) 대비 송금 불리"
2024-10-28,1385.0,"전일대비 -3.70원(하락), 최근30일 평균(1346.8원) 대비 송금 불리"
2024-10-29,1386.5,"전일대비 +1.50원(상승), 최근30일 평균(1348.8원) 대비 송금 불리"
2024-10-30,1382.4,"전일대비 -4.10원(하락), 최근30일 평균(1350.3원) 대비 송금 불리"
2024-10-31,1379.9,"전일대비 -2.50원(하락), 최근30일 평균(1351.6원) 대비 송금 불리"
2024-11-01,1379.4,"전일대비 -0.50원(하락), 최근30일 평균(1353.0원) 대비 송금 불리"
2024-11-04,1370.9,"전일대비 -8.50원(하락), 최근30일 평균(1354.3원) 대비 송금 불리"
2024-11-05,1378.6,"전일대비 +7.70원(상승), 최근30일 평균(1355.7원) 대비 송금 불리"
2024-11-06,1396.2,"전일대비 +17.60원(상승), 최근30일 평균(1357.4원) 대비 송금 불리"
2024-11-07,1396.6,"전일대비 +0.40원(상승), 최근30일 평균(1359.6원) 대비 송금 불리"
2024-11-08,1386.4,"전일대비 -10.20원(하락), 최근30일 평균(1361.6원) 대비 송금 불리"
2024-11-11,1394.7,"전일대비 +8.30원(상승), 최근30일 평균(1363.3원) 대비 송금 불리"
2024-11-12,1403.5,"전일대비 +8.80원(상승), 최근30일 평균(1365.5원) 대비 송금 불리"
2024-11-13,1406.6,"전일대비 +3.10원(상승), 최근30일 평균(1368.0원) 대비 송금 불리"
2024-11-14,1405.1,"전일대비 -1.50원(하락), 최근30일 평균(1370.9원) 대비 송금 불리"
2024-11-15,1398.8,"전일대비 -6.30원(하락), 최근30일 평균(1374.2원) 대비 송금 불리"
2024-11-18,1395.2,"전일대비 -3.60원(하락), 최근30일 평균(1376.8원) 대비 송금 불리"
2024-11-19,1390.9,"전일대비 -4.30원(하락), 최근30일 평균(1378.9원) 대비 송금 불리"
2024-11-20,1390.9,"전일대비 +0.00원(보합), 최근30일 평균(1380.4원) 대비 송금 불리"
2024-11-21,1397.5,"전일대비 +6.60원(상승), 최근30일 평균(1381.7원) 대비 송금 불리"
2024-11-22,1401.8,"전일대비 +4.30원(상승), 최근30일 평균(1383.3원) 대비 송금 불리"
2024-11-25,1402.2,"전일대비 +0.40원(상승), 최근30일 평균(1385.0원) 대비 송금 불리"
2024-11-26,1398.2,"전일대비 -4.00원(하락), 최근30일 평균(1386.6원) 대비 송금 불리"
2024-11-27,1397.0,"전일대비 -1.20원(하락), 최근30일 평균(1387.8원) 대비 송금 불리"
2024-11-28,1395.6,"전일대비 -1.40원(하락), 최근30일 평균(1389.0원) 대비 송금 불리"
2024-11-29,1394.7,"전일대비 -0.90원(하락), 최근30일 평균(1389.9원) 대비 송금 불리"
2024-12-02,1401.3,"전일대비 +6.60원(상승), 최근30일 평균(1390.7원) 대비 송금 불리"
2024-12-03,1402.9,"전일대비 +1.60원(상승), 최근30일 평균(1391.6원) 대비 송금 불리"
2024-12-04,1410.1,"전일대비 +7.20원(상승), 최근30일 평균(1392.3원) 대비 송금 불리"
2024-12-05,1415.1,"전일대비 +5.00원(상승), 최근30일 평균(1393.3원) 대비 송금 불리"
2024-12-06,1419.2,"전일대비 +4.10원(상승), 최근30일 평균(1394.4원) 대비 송금 불리"
2024-12-09,1437.0,"전일대비 +17.80원(상승), 최근30일 평균(1395.4원) 대비 송금 불리"
2024-12-10,1426.9,"전일대비 -10.10원(하락), 최근30일 평균(1397.2원) 대비 송금 불리"
2024-12-11,1432.2,"전일대비 +5.30원(상승), 최근30일 평균(1398.5원) 대비 송금 불리"
2024-12-12,1431.9,"전일대비 -0.30원(하락), 최근30일 평균(1400.2원) 대비 송금 불리"
2024-12-13,1433.0,"전일대비 +1.10원(상승), 최근30일 평균(1401.9원) 대비 송금 불리"
2024-12-16,1435.0,"전일대비 +2.00원(상승), 최근30일 평균(1403.7원) 대비 송금 불리"
2024-12-17,1438.9,"전일대비 +3.90원(상승), 최근30일 평균(1405.8원) 대비 송금 불리"
2024-12-18,1435.5,"전일대비 -3.40원(하락), 최근30일 평균(1407.8원) 대비 송금 불리"
2024-12-19,1451.9,"전일대비 +16.40원(상승), 최근30일 평균(1409.2원) 대비 송금 불리"
2024-12-20,1451.4,"전일대비 -0.50원(하락), 최근30일 평균(1411.0원) 대비 송금 불리"
2024-12-23,1452.0,"전일대비 +0.60원(상승), 최근30일 평균(1413.2원) 대비 송금 불리"
2024-12-24,1456.4,"전일대비 +4.40원(상승), 최근30일 평균(1415.1원) 대비 송금 불리"
2024-12-26,1464.8,"전일대비 +8.40원(상승), 최근30일 평균(1416.8원) 대비 송금 불리"
2024-12-27,1467.5,"전일대비 +2.70원(상승), 최근30일 평균(1418.8원) 대비 송금 불리"
2024-12-30,1472.5,"전일대비 +5.00원(상승), 최근30일 평균(1420.9원) 대비 송금 불리"
2025-01-02,1466.6,"전일대비 -5.90원(하락), 최근30일 평균(1423.3원) 대비 송금 불리"
2025-01-03,1468.4,"전일대비 +1.80원(상승), 최근30일 평균(1425.7원) 대비 송금 불리"
2025-01-06,1469.7,"전일대비 +1.30원(상승), 최근30일 평균(1428.3원) 대비 송금 불리"
2025-01-07,1453.5,"전일대비 -16.20원(하락), 최근30일 평균(1430.9원) 대비 송금 불리"
2025-01-08,1455.0,"전일대비 +1.50원(상승), 최근30일 평균(1432.8원) 대비 송금 불리"
2025-01-09,1460.5,"전일대비 +5.50원(상승), 최근30일 평균(1434.5원) 대비 송금 불리"
2025-01-10,1465.0,"전일대비 +4.50원(상승), 최근30일 평균(1436.5원) 대비 송금 불리"
2025-01-13,1470.8,"전일대비 +5.80원(상승), 최근30일 평균(1438.7원) 대비 송금 불리"
2025-01-14,1463.2,"전일대비 -7.60원(하락), 최근30일 평균(1441.2원) 대비 송금 불리"
2025-01-15,1461.2,"전일대비 -2.00원(하락), 최근30일 평균(1443.4원) 대비 송금 불리"
2025-01-16,1456.7,"전일대비 -4.50원(하락), 최근30일 평균(1445.6원) 대비 송금 불리"
2025-01-17,1458.3,"전일대비 +1.60원(상승), 최근30일 평균(1447.5원) 대비 송금 불리"
2025-01-20,1451.7,"전일대비 -6.60원(하락), 최근30일 평균(1449.3원) 대비 송금 불리"
2025-01-21,1439.5,"전일대비 -12.20원(하락), 최근30일 평균(1450.7원) 대비 송금 유리"
2025-01-22,1437.6,"전일대비 -1.90원(하락), 최근30일 평균(1451.5원) 대비 송금 유리"
2025-01-23,1437.3,"전일대비 -0.30원(하락), 최근30일 평균(1452.2원) 대비 송금 유리"
2025-01-24,1431.3,"전일대비 -6.00원(하락), 최근30일 평균(1452.2원) 대비 송금 유리"
2025-01-31,1452.7,"전일대비 +21.40원(상승), 최근30일 평균(1452.3원) 대비 송금 불리"
2025-02-03,1467.2,"전일대비 +14.50원(상승), 최근30일 평균(1453.0원) 대비 송금 불리"
2025-02-04,1462.9,"전일대비 -4.30원(하락), 최근30일 평균(1454.2원) 대비 송금 불리"
2025-02-05,1444.3,"전일대비 -18.60원(하락), 최근30일 평균(1455.2원) 대비 송금 유리"
2025-02-06,1447.7,"전일대비 +3.40원(상승), 최근30일 평균(1455.5원) 대비 송금 유리"
2025-02-07,1447.8,"전일대비 +0.10원(상승), 최근30일 평균(1455.8원) 대비 송금 유리"
2025-02-10,1451.2,"전일대비 +3.40원(상승), 최근30일 평균(1456.2원) 대비 송금 유리"
2025-02-11,1452.6,"전일대비 +1.40원(상승), 최근30일 평균(1456.2원) 대비 송금 유리"
2025-02-12,1453.4,"전일대비 +0.80원(상승), 최근30일 평균(1456.2원) 대비 송금 유리"
2025-02-13,1447.5,"전일대비 -5.90원(하락), 최근30일 평균(1456.2원) 대비 송금 유리"
2025-02-14,1443.5,"전일대비 -4.00원(하락), 최근30일 평균(1455.9원) 대비 송금 유리"
2025-02-17,1441.7,"전일대비 -1.80원(하락), 최근30일 평균(1455.2원) 대비 송금 유리"
2025-02-18,1443.7,"전일대비 +2.00원(상승), 최근30일 평균(1454.4원) 대비 송금 유리"
2025-02-19,1438.5,"전일대비 -5.20원(하락), 최근30일 평균(1453.4원) 대비 송금 유리"
2025-02-20,1437.9,"전일대비 -0.60원(하락), 최근30일 평균(1452.5원) 대비 송금 유리"
2025-02-21,1434.3,"전일대비 -3.60원(하락), 최근30일 평균(1451.5원) 대비 송금 유리"
2025-02-24,1427.4,"전일대비 -6.90원(하락), 최근30일 평균(1450.3원) 대비 송금 유리"
2025-02-25,1430.4,"전일대비 +3.00원(상승), 최근30일 평균(1449.4원) 대비 송금 유리"
2025-02-26,1433.1,"전일대비 +2.70원(상승), 최근30일 평균(1448.6원) 대비 송금 유리"
2025-02-27,1443.0,"전일대비 +9.90원(상승), 최근30일 평균(1447.7원) 대비 송금 유리"
2025-02-28,1463.4,"전일대비 +20.40원(상승), 최근30일 평균(1446.9원) 대비 송금 불리"
2025-03-04,1461.8,"전일대비 -1.60원(하락), 최근30일 평균(1446.7원) 대비 송금 불리"
2025-03-05,1454.5,"전일대비 -7.30원(하락), 최근30일 평균(1446.7원) 대비 송금 불리"
2025-03-06,1442.4,"전일대비 -12.10원(하락), 최근30일 평균(1446.4원) 대비 송금 유리"
2025-03-07,1446.8,"전일대비 +4.40원(상승), 최근30일 평균(1446.0원) 대비 송금 불리"
2025-03-10,1452.3,"전일대비 +5.50원(상승), 최근30일 평균(1445.6원) 대비 송금 불리"
2025-03-11,1458.2,"전일대비 +5.90원(상승), 최근30일 평균(1445.6원) 대비 송금 불리"
2025-03-12,1451.0,"전일대비 -7.20원(하락), 최근30일 평균(1446.2원) 대비 송금 불리"
2025-03-13,1453.8,"전일대비 +2.80원(상승), 최근30일 평균(1446.7원) 대비 송금 불리"
2025-03-14,1453.8,"전일대비 +0.00원(보합), 최근30일 평균(1447.2원) 대비 송금 불리"
2025-03-17,1447.9,"전일대비 -5.90원(하락), 최근30일 평균(1448.0원) 대비 송금 유리"
2025-03-18,1452.9,"전일대비 +5.00원(상승), 최근30일 평균(1447.8원) 대비 송금 불리"
2025-03-19,1453.4,"전일대비 +0.50원(상승), 최근30일 평균(1447.3원) 대비 송금 불리"
2025-03-20,1458.9,"전일대비 +5.50원(상승), 최근30일 평균(1447.0원) 대비 송금 불리"
2025-03-21,1462.7,"전일대비 +3.80원(상승), 최근30일 평균(1447.5원) 대비 송금 불리"
2025-03-24,1467.7,"전일대비 +5.00원(상승), 최근30일 평균(1448.0원) 대비 송금 불리"
2025-03-25,1469.2,"전일대비 +1.50원(상승), 최근30일 평균(1448.7원) 대비 송금 불리"
2025-03-26,1466.3,"전일대비 -2.90원(하락), 최근30일 평균(1449.3원) 대비 송금 불리"
2025-03-27,1465.3,"전일대비 -1.00원(하락), 최근30일 평균(1449.7원) 대비 송금 불리"
2025-03-28,1466.5,"전일대비 +1.20원(상승), 최근30일 평균(1450.1원) 대비 송금 불리"
2025-03-31,1472.9,"전일대비 +6.40원(상승), 최근30일 평균(1450.7원) 대비 송금 불리"
2025-04-01,1471.9,"전일대비 -1.00원(하락), 최근30일 평균(1451.7원) 대비 송금 불리"
2025-04-02,1466.6,"전일대비 -5.30원(하락), 최근30일 평균(1452.7원) 대비 송금 불리"
2025-04-03,1467.0,"전일대비 +0.40원(상승), 최근30일 평균(1453.5원) 대비 송금 불리"
2025-04-04,1434.1,"전일대비 -32.90원(하락), 최근30일 평균(1454.4원) 대비 송금 유리"
2025-04-07,1467.8,"전일대비 +33.70원(상승), 최근30일 평균(1454.3원) 대비 송금 불리"
2025-04-08,1473.2,"전일대비 +5.40원(상승), 최근30일 평균(1455.4원) 대비 송금 불리"
2025-04-09,1484.1,"전일대비 +10.90원(상승), 최근30일 평균(1457.0원) 대비 송금 불리"
2025-04-10,1456.4,"전일대비 -27.70원(하락), 최근30일 평균(1458.8원) 대비 송금 유리"
2025-04-11,1449.9,"전일대비 -6.50원(하락), 최근30일 평균(1459.5원) 대비 송금 유리"
2025-04-14,1424.1,"전일대비 -25.80원(하락), 최근30일 평균(1459.8원) 대비 송금 유리"
2025-04-15,1425.5,"전일대비 +1.40원(상승), 최근30일 평균(1458.4원) 대비 송금 유리"
2025-04-16,1426.7,"전일대비 +1.20원(상승), 최근30일 평균(1457.2원) 대비 송금 유리"
2025-04-17,1418.9,"전일대비 -7.80원(하락), 최근30일 평균(1456.3원) 대비 송금 유리"
2025-04-18,1423.3,"전일대비 +4.40원(상승), 최근30일 평균(1455.5원) 대비 송금 유리"
2025-04-21,1419.1,"전일대비 -4.20원(하락), 최근30일 평균(1454.7원) 대비 송금 유리"
2025-04-22,1420.6,"전일대비 +1.50원(상승), 최근30일 평균(1453.6원) 대비 송금 유리"
2025-04-23,1420.6,"전일대비 +0.00원(보합), 최근30일 평균(1452.4원) 대비 송금 유리"
2025-04-24,1435.0,"전일대비 +14.40원(상승), 최근30일 평균(1451.4원) 대비 송금 유리"
2025-04-25,1436.5,"전일대비 +1.50원(상승), 최근30일 평균(1450.7원) 대비 송금 유리"
2025-04-28,1442.6,"전일대비 +6.10원(상승), 최근30일 평균(1450.2원) 대비 송금 유리"
2025-04-29,1437.3,"전일대비 -5.30원(하락), 최근30일 평균(1450.0원) 대비 송금 유리"
2025-04-30,1421.0,"전일대비 -16.30원(하락), 최근30일 평균(1449.5원) 대비 송금 유리"
2025-05-02,1405.3,"전일대비 -15.70원(하락), 최근30일 평균(1448.4원) 대비 송금 유리"
2025-05-07,1398.0,"전일대비 -7.30원(하락), 최근30일 평균(1446.6원) 대비 송금 유리"
2025-05-08,1396.6,"전일대비 -1.40원(하락), 최근30일 평균(1444.4원) 대비 송금 유리"
2025-05-09,1400.0,"전일대비 +3.40원(상승), 최근30일 평균(1442.1원) 대비 송금 유리"
2025-05-12,1402.4,"전일대비 +2.40원(상승), 최근30일 평균(1439.8원) 대비 송금 유리"
2025-05-13,1416.0,"전일대비 +13.60원(상승), 최근30일 평균(1437.6원) 대비 송금 유리"
2025-05-14,1420.2,"전일대비 +4.20원(상승), 최근30일 평균(1436.0원) 대비 송금 유리"
2025-05-15,1394.5,"전일대비 -25.70원(하락), 최근30일 평균(1434.5원) 대비 송금 유리"
2025-05-16,1389.6,"전일대비 -4.90원(하락), 최근30일 평균(1431.8원) 대비 송금 유리"
2025-05-19,1397.8,"전일대비 +8.20원(상승), 최근30일 평균(1429.1원) 대비 송금 유리"
2025-05-20,1392.4,"전일대비 -5.40원(하락), 최근30일 평균(1426.8원) 대비 송금 유리"
2025-05-21,1387.2,"전일대비 -5.20원(하락), 최근30일 평균(1424.3원) 대비 송금 유리"
2025-05-22,1381.3,"전일대비 -5.90원(하락), 최근30일 평균(1422.8원) 대비 송금 유리"
2025-05-23,1375.6,"전일대비 -5.70원(하락), 최근30일 평균(1419.9원) 대비 송금 유리"
2025-05-26,1364.4,"전일대비 -11.20원(하락), 최근30일 평균(1416.6원) 대비 송금 유리"
2025-05-27,1369.5,"전일대비 +5.10원(상승), 최근30일 평균(1412.6원) 대비 송금 유리"
2025-05-28,1376.5,"전일대비 +7.00원(상승), 최근30일 평균(1409.7원) 대비 송금 유리"
2025-05-29,1375.9,"전일대비 -0.60원(하락), 최근30일 평균(1407.3원) 대비 송금 유리"
2025-05-30,1380.1,"전일대비 +4.20원(상승), 최근30일 평균(1405.7원) 대비 송금 유리"
2025-06-02,1373.1,"전일대비 -7.00원(하락), 최근30일 평균(1404.2원) 대비 송금 유리"
2025-06-04,1369.5,"전일대비 -3.60원(하락), 최근30일 평균(1402.4원) 대비 송금 유리"
2025-06-05,1358.4,"전일대비 -11.10원(하락), 최근30일 평균(1400.7원) 대비 송금 유리"
2025-06-09,1356.4,"전일대비 -2.00원(하락), 최근30일 평균(1398.6원) 대비 송금 유리"
2025-06-10,1364.3,"전일대비 +7.90원(상승), 최근30일 평균(1396.5원) 대비 송금 유리"
2025-06-11,1375.0,"전일대비 +10.70원(상승), 최근30일 평균(1394.6원) 대비 송금 유리"
2025-06-12,1358.7,"전일대비 -16.30원(하락), 최근30일 평균(1393.1원) 대비 송금 유리"
2025-06-13,1369.6,"전일대비 +10.90원(상승), 최근30일 평균(1390.5원) 대비 송금 유리"
2025-06-16,1363.8,"전일대비 -5.80원(하락), 최근30일 평균(1388.3원) 대비 송금 유리"
2025-06-17,1362.7,"전일대비 -1.10원(하락), 최근30일 평균(1385.7원) 대비 송금 유리"
2025-06-18,1369.4,"전일대비 +6.70원(상승), 최근30일 평균(1383.2원) 대비 송금 유리"
2025-06-19,1380.2,"전일대비 +10.80원(상승), 최근30일 평균(1381.5원) 대비 송금 유리"
2025-06-20,1365.6,"전일대비 -14.60원(하락), 최근30일 평균(1380.6원) 대비 송금 유리"
2025-06-23,1384.3,"전일대비 +18.70원(상승), 최근30일 평균(1379.6원) 대비 송금 불리"
2025-06-24,1360.2,"전일대비 -24.10원(하락), 최근30일 평균(1379.1원) 대비 송금 유리"
2025-06-25,1362.4,"전일대비 +2.20원(상승), 최근30일 평균(1377.8원) 대비 송금 유리"
2025-06-26,1356.9,"전일대비 -5.50원(하락), 최근30일 평균(1376.5원) 대비 송금 유리"
2025-06-27,1357.4,"전일대비 +0.50원(상승), 최근30일 평균(1374.5원) 대비 송금 유리"
2025-06-30,1350.0,"전일대비 -7.40원(하락), 최근30일 평균(1372.4원) 대비 송금 유리"
2025-07-01,1355.9,"전일대비 +5.90원(상승), 최근30일 평균(1370.9원) 대비 송금 유리"
2025-07-02,1358.7,"전일대비 +2.80원(상승), 최근30일 평균(1369.8원) 대비 송금 유리"
2025-07-03,1359.4,"전일대비 +0.70원(상승), 최근30일 평균(1368.5원) 대비 송금 유리"
2025-07-04,1362.3,"전일대비 +2.90원(상승), 최근30일 평균(1367.4원) 대비 송금 유리"
2025-07-07,1367.8,"전일대비 +5.50원(상승), 최근30일 평균(1366.6원) 대비 송금 불리"
2025-07-08,1367.9,"전일대비 +0.10원(상승), 최근30일 평균(1366.1원) 대비 송금 불리"
2025-07-09,1375.0,"전일대비 +7.10원(상승), 최근30일 평균(1365.9원) 대비 송금 불리"
2025-07-10,1370.0,"전일대비 -5.00원(하락), 최근30일 평균(1366.2원) 대비 송금 불리"
2025-07-11,1375.4,"전일대비 +5.40원(상승), 최근30일 평균(1366.2원) 대비 송금 불리"
2025-07-14,1381.2,"전일대비 +5.80원(상승), 최근30일 평균(1366.2원) 대비 송금 불리"
2025-07-15,1380.2,"전일대비 -1.00원(하락), 최근30일 평균(1366.4원) 대비 송금 불리"
2025-07-16,1385.7,"전일대비 +5.50원(상승), 최근30일 평균(1366.4원) 대비 송금 불리"
2025-07-17,1392.6,"전일대비 +6.90원(상승), 최근30일 평균(1366.8원) 대비 송금 불리"
2025-07-18,1393.0,"전일대비 +0.40원(상승), 최근30일 평균(1367.6원) 대비 송금 불리"
2025-07-21,1388.2,"전일대비 -4.80원(하락), 최근30일 평균(1368.7원) 대비 송금 불리"
2025-07-22,1387.8,"전일대비 -0.40원(하락), 최근30일 평균(1369.8원) 대비 송금 불리"
2025-07-23,1379.8,"전일대비 -8.00원(하락), 최근30일 평균(1370.6원) 대비 송금 불리"
2025-07-24,1367.2,"전일대비 -12.60원(하락), 최근30일 평균(1370.7원) 대비 송금 유리"
2025-07-25,1377.9,"전일대비 +10.70원(상승), 최근30일 평균(1371.0원) 대비 송금 불리"
2025-07-28,1382.0,"전일대비 +4.10원(상승), 최근30일 평균(1371.3원) 대비 송금 불리"
2025-07-29,1391.0,"전일대비 +9.00원(상승), 최근30일 평균(1371.9원) 대비 송금 불리"
2025-07-30,1383.1,"전일대비 -7.90원(하락), 최근30일 평균(1372.8원) 대비 송금 불리"
2025-07-31,1387.0,"전일대비 +3.90원(상승), 최근30일 평균(1373.3원) 대비 송금 불리"
2025-08-01,1401.4,"전일대비 +14.40원(상승), 최근30일 평균(1373.5원) 대비 송금 불리"
2025-08-04,1385.2,"전일대비 -16.20원(하락), 최근30일 평균(1374.7원) 대비 송금 불리"
2025-08-05,1388.3,"전일대비 +3.10원(상승), 최근30일 평균(1374.8원) 대비 송금 불리"
2025-08-06,1389.5,"전일대비 +1.20원(상승), 최근30일 평균(1375.7원) 대비 송금 불리"
2025-08-07,1381.2,"전일대비 -8.30원(하락), 최근30일 평균(1376.6원) 대비 송금 불리"
2025-08-08,1389.6,"전일대비 +8.40원(상승), 최근30일 평균(1377.4원) 대비 송금 불리"
2025-08-11,1388.0,"전일대비 -1.60원(하락), 최근30일 평균(1378.5원) 대비 송금 불리"
2025-08-12,1389.9,"전일대비 +1.90원(상승), 최근30일 평균(1379.7원) 대비 송금 불리"
2025-08-13,1381.7,"전일대비 -8.20원(하락), 최근30일 평균(1380.9원) 대비 송금 불리"
2025-08-14,1382.0,"전일대비 +0.30원(상승), 최근30일 평균(1381.6원) 대비 송금 불리"
2025-08-18,1385.0,"전일대비 +3.00원(상승), 최근30일 평균(1382.4원) 대비 송금 불리"
2025-08-19,1390.9,"전일대비 +5.90원(상승), 최근30일 평균(1383.2원) 대비 송금 불리"
2025-08-20,1398.4,"전일대비 +7.50원(상승), 최근30일 평균(1383.9원) 대비 송금 불리"
2025-08-21,1398.4,"전일대비 +0.00원(보합), 최근30일 평균(1384.9원) 대비 송금 불리"
2025-08-22,1393.2,"전일대비 -5.20원(하락), 최근30일 평균(1385.7원) 대비 송금 불리"
2025-08-25,1384.7,"전일대비 -8.50원(하락), 최근30일 평균(1386.5원) 대비 송금 유리"
2025-08-26,1395.8,"전일대비 +11.10원(상승), 최근30일 평균(1386.8원) 대비 송금 불리"
2025-08-27,1396.3,"전일대비 +0.50원(상승), 최근30일 평균(1387.3원) 대비 송금 불리"
2025-08-28,1387.6,"전일대비 -8.70원(하락), 최근30일 평균(1387.8원) 대비 송금 유리"
2025-08-29,1390.1,"전일대비 +2.50원(상승), 최근30일 평균(1387.9원) 대비 송금 불리"
2025-09-01,1393.7,"전일대비 +3.60원(상승), 최근30일 평균(1387.8원) 대비 송금 불리"
2025-09-02,1391.0,"전일대비 -2.70원(하락), 최근30일 평균(1387.8원) 대비 송금 불리"
2025-09-03,1392.3,"전일대비 +1.30원(상승), 최근30일 평균(1387.9원) 대비 송금 불리"
2025-09-04,1392.5,"전일대비 +0.20원(상승), 최근30일 평균(1388.1원) 대비 송금 불리"
2025-09-05,1391.0,"전일대비 -1.50원(하락), 최근30일 평균(1388.5원) 대비 송금 불리"
2025-09-08,1390.6,"전일대비 -0.40원(하락), 최근30일 평균(1389.3원) 대비 송금 불리"
2025-09-09,1387.9,"전일대비 -2.70원(하락), 최근30일 평균(1389.7원) 대비 송금 유리"
2025-09-10,1386.6,"전일대비 -1.30원(하락), 최근30일 평균(1389.9원) 대비 송금 유리"
2025-09-11,1391.8,"전일대비 +5.20원(상승), 최근30일 평균(1389.8원) 대비 송금 불리"
2025-09-12,1388.2,"전일대비 -3.60원(하락), 최근30일 평균(1390.1원) 대비 송금 유리"
2025-09-15,1389.0,"전일대비 +0.80원(상승), 최근30일 평균(1390.1원) 대비 송금 유리"
2025-09-16,1378.9,"전일대비 -10.10원(하락), 최근30일 평균(1389.7원) 대비 송금 유리"
2025-09-17,1380.1,"전일대비 +1.20원(상승), 최근30일 평균(1389.5원) 대비 송금 유리"
2025-09-18,1387.8,"전일대비 +7.70원(상승), 최근30일 평균(1389.2원) 대비 송금 유리"
2025-09-19,1393.6,"전일대비 +5.80원(상승), 최근30일 평균(1389.1원) 대비 송금 불리"
2025-09-22,1392.6,"전일대비 -1.00원(하락), 최근30일 평균(1389.6원) 대비 송금 불리"
2025-09-23,1392.6,"전일대비 +0.00원(보합), 최근30일 평균(1389.7원) 대비 송금 불리"
2025-09-24,1397.5,"전일대비 +4.90원(상승), 최근30일 평균(1389.8원) 대비 송금 불리"
2025-09-25,1400.6,"전일대비 +3.10원(상승), 최근30일 평균(1390.1원) 대비 송금 불리"
2025-09-26,1412.4,"전일대비 +11.80원(상승), 최근30일 평균(1390.7원) 대비 송금 불리"
2025-09-29,1398.7,"전일대비 -13.70원(하락), 최근30일 평균(1391.7원) 대비 송금 불리"
2025-09-30,1402.9,"전일대비 +4.20원(상승), 최근30일 평균(1392.2원) 대비 송금 불리"
2025-10-01,1403.2,"전일대비 +0.30원(상승), 최근30일 평균(1392.6원) 대비 송금 불리"
2025-10-02,1400.0,"전일대비 -3.20원(하락), 최근30일 평균(1392.7원) 대비 송금 불리"
2025-10-10,1421.0,"전일대비 +21.00원(상승), 최근30일 평균(1392.8원) 대비 송금 불리"
2025-10-13,1425.8,"전일대비 +4.80원(상승), 최근30일 평균(1393.7원) 대비 송금 불리"
2025-10-14,1431.0,"전일대비 +5.20원(상승), 최근30일 평균(1395.1원) 대비 송금 불리"
2025-10-15,1421.3,"전일대비 -9.70원(하락), 최근30일 평균(1396.2원) 대비 송금 불리"
2025-10-16,1417.9,"전일대비 -3.40원(하락), 최근30일 평균(1397.1원) 대비 송금 불리"
2025-10-17,1421.2,"전일대비 +3.30원(상승), 최근30일 평균(1398.1원) 대비 송금 불리"
2025-10-20,1419.2,"전일대비 -2.00원(하락), 최근30일 평균(1399.1원) 대비 송금 불리"
2025-10-21,1427.8,"전일대비 +8.60원(상승), 최근30일 평균(1400.0원) 대비 송금 불리"
2025-10-22,1429.8,"전일대비 +2.00원(상승), 최근30일 평균(1401.2원) 대비 송금 불리"
2025-10-23,1439.6,"전일대비 +9.80원(상승), 최근30일 평균(1402.5원) 대비 송금 불리"
2025-10-24,1437.1,"전일대비 -2.50원(하락), 최근30일 평균(1404.0원) 대비 송금 불리"
2025-10-27,1431.7,"전일대비 -5.40원(하락), 최근30일 평균(1405.6원) 대비 송금 불리"
2025-10-28,1437.7,"전일대비 +6.00원(상승), 최근30일 평균(1406.9원) 대비 송금 불리"
2025-10-29,1431.7,"전일대비 -6.00원(하락), 최근30일 평균(1408.6원) 대비 송금 불리"
2025-10-30,1426.5,"전일대비 -5.20원(하락), 최근30일 평균(1410.1원) 대비 송금 불리"
2025-10-31,1424.4,"전일대비 -2.10원(하락), 최근30일 평균(1411.2원) 대비 송금 불리"
2025-11-03,1428.8,"전일대비 +4.40원(상승), 최근30일 평균(1412.5원) 대비 송금 불리"
2025-11-04,1437.9,"전일대비 +9.10원(상승), 최근30일 평균(1413.8원) 대비 송금 불리"
2025-11-05,1449.4,"전일대비 +11.50원(상승), 최근30일 평균(1415.7원) 대비 송금 불리"
2025-11-06,1447.7,"전일대비 -1.70원(하락), 최근30일 평균(1418.1원) 대비 송금 불리"
2025-11-07,1456.9,"전일대비 +9.20원(상승), 최근30일 평균(1420.1원) 대비 송금 불리"
2025-11-10,1451.4,"전일대비 -5.50원(하락), 최근30일 평균(1422.2원) 대비 송금 불리"
2025-11-11,1463.3,"전일대비 +11.90원(상승), 최근30일 평균(1424.1원) 대비 송금 불리"
2025-11-12,1465.7,"전일대비 +2.40원(상승), 최근30일 평균(1426.5원) 대비 송금 불리"
2025-11-13,1467.7,"전일대비 +2.00원(상승), 최근30일 평균(1428.8원) 대비 송금 불리"
2025-11-14,1457.0,"전일대비 -10.70원(하락), 최근30일 평균(1431.0원) 대비 송금 불리"
2025-11-17,1458.0,"전일대비 +1.00원(상승), 최근30일 평균(1432.5원) 대비 송금 불리"
2025-11-18,1465.3,"전일대비 +7.30원(상승), 최근30일 평균(1434.5원) 대비 송금 불리"
2025-11-19,1465.6,"전일대비 +0.30원(상승), 최근30일 평균(1436.5원) 대비 송금 불리"
2025-11-20,1467.9,"전일대비 +2.30원(상승), 최근30일 평균(1438.6원) 대비 송금 불리"
2025-11-21,1475.6,"전일대비 +7.70원(상승), 최근30일 평균(1440.9원) 대비 송금 불리"
2025-11-24,1477.1,"전일대비 +1.50원(상승), 최근30일 평균(1442.7원) 대비 송금 불리"
2025-11-25,1472.4,"전일대비 -4.70원(하락), 최근30일 평균(1444.4원) 대비 송금 불리"
2025-11-26,1465.6,"전일대비 -6.80원(하락), 최근30일 평균(1445.8원) 대비 송금 불리"
2025-11-27,1464.9,"전일대비 -0.70원(하락), 최근30일 평균(1447.3원) 대비 송금 불리"
2025-11-28,1470.6,"전일대비 +5.70원(상승), 최근30일 평균(1448.8원) 대비 송금 불리"
2025-12-01,1469.9,"전일대비 -0.70원(하락), 최근30일 평균(1450.5원) 대비 송금 불리"
2025-12-02,1468.4,"전일대비 -1.50원(하락), 최근30일 평균(1452.2원) 대비 송금 불리"
2025-12-03,1468.0,"전일대비 -0.40원(하락), 최근30일 평균(1453.5원) 대비 송금 불리"
2025-12-04,1473.5,"전일대비 +5.50원(상승), 최근30일 평균(1454.8원) 대비 송금 불리"
2025-12-05,1468.8,"전일대비 -4.70원(하락), 최근30일 평균(1455.9원) 대비 송금 불리"
2025-12-08,1466.9,"전일대비 -1.90원(하락), 최근30일 평균(1457.0원) 대비 송금 불리"
2025-12-09,1472.3,"전일대비 +5.40원(상승), 최근30일 평균(1458.2원) 대비 송금 불리"
2025-12-10,1470.4,"전일대비 -1.90원(하락), 최근30일 평균(1459.3원) 대비 송금 불리"
2025-12-11,1473.0,"전일대비 +2.60원(상승), 최근30일 평균(1460.6원) 대비 송금 불리"
2025-12-12,1473.7,"전일대비 +0.70원(상승), 최근30일 평균(1462.1원) 대비 송금 불리"
2025-12-15,1471.0,"전일대비 -2.70원(하락), 최근30일 평균(1463.8원) 대비 송금 불리"
2025-12-16,1477.0,"전일대비 +6.00원(상승), 최근30일 평균(1465.2원) 대비 송금 불리"
2025-12-17,1479.8,"전일대비 +2.80원(상승), 최근30일 평균(1466.5원) 대비 송금 불리"
2025-12-18,1478.3,"전일대비 -1.50원(하락), 최근30일 평균(1467.5원) 대비 송금 불리"
2025-12-19,1476.3,"전일대비 -2.00원(하락), 최근30일 평균(1468.5원) 대비 송금 불리"
2025-12-22,1480.1,"전일대비 +3.80원(상승), 최근30일 평균(1469.2원) 대비 송금 불리"
2025-12-23,1483.6,"전일대비 +3.50원(상승), 최근30일 평균(1470.1원) 대비 송금 불리"
2025-12-24,1449.8,"전일대비 -33.80원(하락), 최근30일 평균(1470.8원) 대비 송금 유리"
2025-12-26,1440.3,"전일대비 -9.50원(하락), 최근30일 평균(1470.3원) 대비 송금 유리"
2025-12-29,1429.8,"전일대비 -10.50원(하락), 최근30일 평균(1469.4원) 대비 송금 유리"
2025-12-30,1439.0,"전일대비 +9.20원(상승), 최근30일 평균(1468.5원) 대비 송금 유리"
2026-01-02,1441.8,"전일대비 +2.80원(상승), 최근30일 평균(1467.8원) 대비 송금 유리"
2026-01-05,1443.8,"전일대비 +2.00원(상승), 최근30일 평균(1467.0원) 대비 송금 유리"
2026-01-06,1445.4,"전일대비 +1.60원(상승), 최근30일 평균(1466.3원) 대비 송금 유리"
2026-01-07,1445.8,"전일대비 +0.40원(상승), 최근30일 평균(1465.6원) 대비 송금 유리"
2026-01-08,1450.6,"전일대비 +4.80원(상승), 최근30일 평균(1464.6원) 대비 송금 유리"
2026-01-09,1457.6,"전일대비 +7.00원(상승), 최근30일 평균(1463.7원) 대비 송금 유리"
2026-01-12,1468.4,"전일대비 +10.80원(상승), 최근30일 평균(1463.2원) 대비 송금 불리"
2026-01-13,1473.7,"전일대비 +5.30원(상승), 최근30일 평균(1463.3원) 대비 송금 불리"
2026-01-14,1477.5,"전일대비 +3.80원(상승), 최근30일 평균(1463.6원) 대비 송금 불리"
2026-01-15,1469.7,"전일대비 -7.80원(하락), 최근30일 평균(1463.8원) 대비 송금 불리"
2026-01-16,1473.6,"전일대비 +3.90원(상승), 최근30일 평균(1463.8원) 대비 송금 불리"
2026-01-19,1473.7,"전일대비 +0.10원(상승), 최근30일 평균(1464.0원) 대비 송금 불리"
2026-01-20,1478.1,"전일대비 +4.40원(상승), 최근30일 평균(1464.2원) 대비 송금 불리"
2026-01-21,1471.3,"전일대비 -6.80원(하락), 최근30일 평균(1464.3원) 대비 송금 불리"
2026-01-22,1469.9,"전일대비 -1.40원(하락), 최근30일 평균(1464.4원) 대비 송금 불리"
2026-01-23,1465.8,"전일대비 -4.10원(하락), 최근30일 평균(1464.5원) 대비 송금 불리"
2026-01-26,1440.6,"전일대비 -25.20원(하락), 최근30일 평균(1464.3원) 대비 송금 유리"
2026-01-27,1446.2,"전일대비 +5.60원(상승), 최근30일 평균(1463.3원) 대비 송금 유리"
2026-01-28,1422.5,"전일대비 -23.70원(하락), 최근30일 평균(1462.4원) 대비 송금 유리"
2026-01-29,1426.3,"전일대비 +3.80원(상승), 최근30일 평균(1460.7원) 대비 송금 유리"
2026-01-30,1439.5,"전일대비 +13.20원(상승), 최근30일 평균(1459.2원) 대비 송금 유리"
2026-02-02,1464.3,"전일대비 +24.80원(상승), 최근30일 평균(1458.0원) 대비 송금 불리"
2026-02-03,1445.4,"전일대비 -18.90원(하락), 최근30일 평균(1457.4원) 대비 송금 유리"
2026-02-04,1450.2,"전일대비 +4.80원(상승), 최근30일 평균(1456.3원) 대비 송금 유리"
2026-02-05,1469.0,"전일대비 +18.80원(상승), 최근30일 평균(1455.5원) 대비 송금 불리"
2026-02-06,1469.5,"전일대비 +0.50원(상승), 최근30일 평균(1455.1원) 대비 송금 불리"
2026-02-09,1460.3,"전일대비 -9.20원(하락), 최근30일 평균(1454.6원) 대비 송금 불리"
2026-02-10,1459.1,"전일대비 -1.20원(하락), 최근30일 평균(1455.0원) 대비 송금 불리"
2026-02-11,1450.1,"전일대비 -9.00원(하락), 최근30일 평균(1455.6원) 대비 송금 유리"
2026-02-12,1440.2,"전일대비 -9.90원(하락), 최근30일 평균(1456.3원) 대비 송금 유리"
2026-02-13,1444.9,"전일대비 +4.70원(상승), 최근30일 평균(1456.3원) 대비 송금 유리"
2026-02-19,1445.5,"전일대비 +0.60원(상승), 최근30일 평균(1456.4원) 대비 송금 유리"
2026-02-20,1446.6,"전일대비 +1.10원(상승), 최근30일 평균(1456.5원) 대비 송금 유리"
2026-02-23,1440.0,"전일대비 -6.60원(하락), 최근30일 평균(1456.5원) 대비 송금 유리"
2026-02-24,1442.5,"전일대비 +2.50원(상승), 최근30일 평균(1456.3원) 대비 송금 유리"
2026-02-25,1429.4,"전일대비 -13.10원(하락), 최근30일 평균(1456.1원) 대비 송금 유리"
2026-02-26,1425.8,"전일대비 -3.60원(하락), 최근30일 평균(1455.1원) 대비 송금 유리"
2026-02-27,1439.7,"전일대비 +13.90원(상승), 최근30일 평균(1453.7원) 대비 송금 유리"
2026-03-03,1466.1,"전일대비 +26.40원(상승), 최근30일 평균(1452.6원) 대비 송금 불리"
2026-03-04,1476.2,"전일대비 +10.10원(상승), 최근30일 평균(1452.2원) 대비 송금 불리"
2026-03-05,1468.1,"전일대비 -8.10원(하락), 최근30일 평균(1452.4원) 대비 송금 불리"
2026-03-06,1476.4,"전일대비 +8.30원(상승), 최근30일 평균(1452.2원) 대비 송금 불리"
2026-03-09,1495.5,"전일대비 +19.10원(상승), 최근30일 평균(1452.3원) 대비 송금 불리"
2026-03-10,1469.2,"전일대비 -26.30원(하락), 최근30일 평균(1452.9원) 대비 송금 불리"
2026-03-11,1466.5,"전일대비 -2.70원(하락), 최근30일 평균(1452.8원) 대비 송금 불리"
2026-03-12,1481.2,"전일대비 +14.70원(상승), 최근30일 평균(1452.7원) 대비 송금 불리"
2026-03-13,1493.7,"전일대비 +12.50원(상승), 최근30일 평균(1453.2원) 대비 송금 불리"
2026-03-16,1497.5,"전일대비 +3.80원(상승), 최근30일 평균(1455.0원) 대비 송금 불리"
2026-03-17,1493.6,"전일대비 -3.90원(하락), 최근30일 평균(1456.7원) 대비 송금 불리"
2026-03-18,1483.1,"전일대비 -10.50원(하락), 최근30일 평균(1459.1원) 대비 송금 불리"
2026-03-19,1501.0,"전일대비 +17.90원(상승), 최근30일 평균(1461.0원) 대비 송금 불리"
2026-03-20,1500.6,"전일대비 -0.40원(하락), 최근30일 평균(1463.0원) 대비 송금 불리"
2026-03-23,1517.3,"전일대비 +16.70원(상승), 최근30일 평균(1464.2원) 대비 송금 불리"
2026-03-24,1495.2,"전일대비 -22.10원(하락), 최근30일 평균(1466.6원) 대비 송금 불리"
2026-03-25,1499.7,"전일대비 +4.50원(상승), 최근30일 평균(1468.1원) 대비 송금 불리"
2026-03-26,1507.0,"전일대비 +7.30원(상승), 최근30일 평균(1469.2원) 대비 송금 불리"
2026-03-27,1508.9,"전일대비 +1.90원(상승), 최근30일 평균(1470.4원) 대비 송금 불리"
2026-03-30,1515.7,"전일대비 +6.80원(상승), 최근30일 평균(1472.0원) 대비 송금 불리"
2026-03-31,1530.1,"전일대비 +14.40원(상승), 최근30일 평균(1473.9원) 대비 송금 불리"
2026-04-01,1501.3,"전일대비 -28.80원(하락), 최근30일 평균(1476.6원) 대비 송금 불리"
2026-04-02,1519.7,"전일대비 +18.40원(상승), 최근30일 평균(1478.6원) 대비 송금 불리"
2026-04-03,1505.2,"전일대비 -14.50원(하락), 최근30일 평균(1481.1원) 대비 송금 불리"
2026-04-06,1506.3,"전일대비 +1.10원(상승), 최근30일 평균(1483.1원) 대비 송금 불리"
2026-04-07,1504.2,"전일대비 -2.10원(하락), 최근30일 평균(1485.1원) 대비 송금 불리"
2026-04-08,1470.6,"전일대비 -33.60원(하락), 최근30일 평균(1487.2원) 대비 송금 유리"
2026-04-09,1482.5,"전일대비 +11.90원(상승), 최근30일 평균(1488.2원) 대비 송금 유리"
2026-04-10,1482.5,"전일대비 +0.00원(보합), 최근30일 평균(1489.9원) 대비 송금 유리"
2026-04-13,1489.3,"전일대비 +6.80원(상승), 최근30일 평균(1491.8원) 대비 송금 유리"
2026-04-14,1481.2,"전일대비 -8.10원(하락), 최근30일 평균(1493.5원) 대비 송금 유리"
2026-04-15,1474.2,"전일대비 -7.00원(하락), 최근30일 평균(1494.0원) 대비 송금 유리"
2026-04-16,1474.6,"전일대비 +0.40원(상승), 최근30일 평균(1493.9원) 대비 송금 유리"
2026-04-17,1483.5,"전일대비 +8.90원(상승), 최근30일 평균(1494.1원) 대비 송금 유리"
2026-04-20,1477.2,"전일대비 -6.30원(하락), 최근30일 평균(1494.4원) 대비 송금 유리"
2026-04-21,1468.5,"전일대비 -8.70원(하락), 최근30일 평균(1493.8원) 대비 송금 유리"
2026-04-22,1476.0,"전일대비 +7.50원(상승), 최근30일 평균(1493.7원) 대비 송금 유리"
2026-04-23,1481.0,"전일대비 +5.00원(상승), 최근30일 평균(1494.0원) 대비 송금 유리"
2026-04-24,1484.5,"전일대비 +3.50원(상승), 최근30일 평균(1494.0원) 대비 송금 유리"
2026-04-27,1472.5,"전일대비 -12.00원(하락), 최근30일 평균(1493.7원) 대비 송금 유리"
2026-04-28,1473.6,"전일대비 +1.10원(상승), 최근30일 평균(1492.9원) 대비 송금 유리"
2026-04-29,1479.0,"전일대비 +5.40원(상승), 최근30일 평균(1492.2원) 대비 송금 유리"
2026-04-30,1483.3,"전일대비 +4.30원(상승), 최근30일 평균(1492.1원) 대비 송금 유리"
2026-05-04,1462.8,"전일대비 -20.50원(하락), 최근30일 평균(1491.5원) 대비 송금 유리"
2026-05-06,1455.1,"전일대비 -7.70원(하락), 최근30일 평균(1490.2원) 대비 송금 유리"
2026-05-07,1454.0,"전일대비 -1.10원(하락), 최근30일 평균(1488.2원) 대비 송금 유리"
2026-05-08,1471.7,"전일대비 +17.70원(상승), 최근30일 평균(1486.8원) 대비 송금 유리"
2026-05-11,1472.4,"전일대비 +0.70원(상승), 최근30일 평균(1485.9원) 대비 송금 유리"
2026-05-12,1489.9,"전일대비 +17.50원(상승), 최근30일 평균(1484.7원) 대비 송금 불리"
2026-05-13,1490.6,"전일대비 +0.70원(상승), 최근30일 평균(1484.1원) 대비 송금 불리"
2026-05-14,1491.0,"전일대비 +0.40원(상승), 최근30일 평균(1483.2원) 대비 송금 불리"
2026-05-15,1500.8,"전일대비 +9.80원(상승), 최근30일 평균(1481.9원) 대비 송금 불리"
2026-05-18,1500.3,"전일대비 -0.50원(하락), 최근30일 평균(1481.9원) 대비 송금 불리"
2026-05-19,1507.8,"전일대비 +7.50원(상승), 최근30일 평균(1481.3원) 대비 송금 불리"
2026-05-20,1506.8,"전일대비 -1.00원(하락), 최근30일 평균(1481.4원) 대비 송금 불리"
2026-05-21,1506.1,"전일대비 -0.70원(하락), 최근30일 평균(1481.4원) 대비 송금 불리"
2026-05-22,1517.2,"전일대비 +11.10원(상승), 최근30일 평균(1481.4원) 대비 송금 불리"
2026-05-26,1504.3,"전일대비 -12.90원(하락), 최근30일 평균(1483.0원) 대비 송금 불리"
2026-05-27,1501.2,"전일대비 -3.10원(하락), 최근30일 평균(1483.7원) 대비 송금 불리"
2026-05-28,1502.8,"전일대비 +1.60원(상승), 최근30일 평균(1484.3원) 대비 송금 불리"
2026-05-29,1507.9,"전일대비 +5.10원(상승), 최근30일 평균(1484.8원) 대비 송금 불리"
2026-06-01,1504.3,"전일대비 -3.60원(하락), 최근30일 평균(1485.7원) 대비 송금 불리"
2026-06-02,1516.4,"전일대비 +12.10원(상승), 최근30일 평균(1486.7원) 대비 송금 불리"
2026-06-04,1529.7,"전일대비 +13.30원(상승), 최근30일 평균(1488.1원) 대비 송금 불리"
2026-06-05,1539.1,"전일대비 +9.40원(상승), 최근30일 평균(1489.6원) 대비 송금 불리"
2026-06-08,1535.0,"전일대비 -4.10원(하락), 최근30일 평균(1491.7원) 대비 송금 불리"
2026-06-09,1512.1,"전일대비 -22.90원(하락), 최근30일 평균(1493.9원) 대비 송금 불리"
2026-06-10,1524.2,"전일대비 +12.10원(상승), 최근30일 평균(1495.1원) 대비 송금 불리"
2026-06-11,1528.9,"전일대비 +4.70원(상승), 최근30일 평균(1496.5원) 대비 송금 불리"
2026-06-12,1519.8,"전일대비 -9.10원(하락), 최근30일 평균(1498.0원) 대비 송금 불리"
2026-06-15,1511.1,"전일대비 -8.70원(하락), 최근30일 평균(1499.6원) 대비 송금 불리"
2026-06-16,1511.6,"전일대비 +0.50원(상승), 최근30일 평균(1500.9원) 대비 송금 불리"
2026-06-17,1513.4,"전일대비 +1.80원(상승), 최근30일 평균(1501.9원) 대비 송금 불리"
2026-06-18,1527.1,"전일대비 +13.70원(상승), 최근30일 평균(1502.9원) 대비 송금 불리"
2026-06-19,1527.0,"전일대비 -0.10원(하락), 최근30일 평균(1505.1원) 대비 송금 불리"
2026-06-22,1537.0,"전일대비 +10.00원(상승), 최근30일 평균(1507.5원) 대비 송금 불리"
2026-06-23,1539.1,"전일대비 +2.10원(상승), 최근30일 평균(1510.2원) 대비 송금 불리"
2026-06-24,1541.8,"전일대비 +2.70원(상승), 최근30일 평균(1512.5원) 대비 송금 불리"
2026-06-25,1542.7,"전일대비 +0.90원(상승), 최근30일 평균(1514.8원) 대비 송금 불리"
2026-06-26,1532.0,"전일대비 -10.70원(하락), 최근30일 평균(1516.6원) 대비 송금 불리"
2026-06-29,1545.2,"전일대비 +13.20원(상승), 최근30일 평균(1518.0원) 대비 송금 불리"
2026-06-30,1549.4,"전일대비 +4.20원(상승), 최근30일 평균(1519.8원) 대비 송금 불리"
2026-07-01,1554.9,"전일대비 +5.50원(상승), 최근30일 평균(1521.4원) 대비 송금 불리"
2026-07-02,1555.8,"전일대비 +0.90원(상승), 최근30일 평균(1523.2원) 대비 송금 불리"
2026-07-03,1525.6,"전일대비 -30.20원(하락), 최근30일 평균(1524.8원) 대비 송금 불리"
2026-07-06,1530.3,"전일대비 +4.70원(상승), 최근30일 평균(1525.4원) 대비 송금 불리"
2026-07-07,1528.2,"전일대비 -2.10원(하락), 최근30일 평균(1526.2원) 대비 송금 불리"
2026-07-08,1498.5,"전일대비 -29.70원(하락), 최근30일 평균(1526.6원) 대비 송금 유리"
2026-07-09,1506.1,"전일대비 +7.60원(상승), 최근30일 평균(1526.4원) 대비 송금 유리"
2026-07-10,1501.4,"전일대비 -4.70원(하락), 최근30일 평균(1526.6원) 대비 송금 유리"
2026-07-13,1503.4,"전일대비 +2.00원(상승), 최근30일 평균(1526.5원) 대비 송금 유리"
2026-07-14,1493.0,"전일대비 -10.40원(하락), 최근30일 평균(1526.4원) 대비 송금 유리"
2026-07-15,1484.7,"전일대비 -8.30원(하락), 최근30일 평균(1526.0원) 대비 송금 유리"
2026-07-16,1480.4,"전일대비 -4.30원(하락), 최근30일 평균(1524.9원) 대비 송금 유리"
2026-07-20,1478.4,"전일대비 -2.00원(하락), 최근30일 평균(1523.3원) 대비 송금 유리"
2026-07-21,1473.4,"전일대비 -5.00원(하락), 최근30일 평균(1521.3원) 대비 송금 유리"
2026-07-22,1480.1,"전일대비 +6.70원(상승), 최근30일 평균(1519.2원) 대비 송금 유리"
2026-07-23,1466.8,"전일대비 -13.30원(하락), 최근30일 평균(1518.2원) 대비 송금 유리"
2026-07-24,1466.6,"전일대비 -0.20원(하락), 최근30일 평균(1516.2원) 대비 송금 유리"
2026-07-27,1468.5,"전일대비 +1.90원(상승), 최근30일 평균(1514.2원) 대비 송금 유리"
2026-07-28,1462.5,"전일대비 -6.00원(하락), 최근30일 평균(1512.5원) 대비 송금 유리"
2026-07-29,1446.7,"전일대비 -15.80원(하락), 최근30일 평균(1510.8원) 대비 송금 유리"
2026-07-30,1437.4,"전일대비 -9.30원(하락), 최근30일 평균(1508.7원) 대비 송금 유리"
2026-07-31,1424.0,"전일대비 -13.40원(하락), 최근30일 평균(1506.1원) 대비 송금 유리"
2026-08-03,1429.8,"전일대비 +5.80원(상승), 최근30일 평균(1502.7원) 대비 송금 유리"
2026-08-04,1432.5,"전일대비 +2.70원(상승), 최근30일 평균(1499.5원) 대비 송금 유리"
2026-08-05,1424.5,"전일대비 -8.00원(하락), 최근30일 평균(1496.0원) 대비 송금 유리"
2026-08-06,1423.8,"전일대비 -0.70원(하락), 최근30일 평균(1492.2원) 대비 송금 유리"
2026-08-07,1416.1,"전일대비 -7.70원(하락), 최근30일 평균(1488.2원) 대비 송금 유리"
2026-08-10,1418.4,"전일대비 +2.30원(상승), 최근30일 평균(1484.0원) 대비 송금 유리"
2026-08-11,1416.0,"전일대비 -2.40원(하락), 최근30일 평균(1480.2원) 대비 송금 유리"
2026-08-12,1415.7,"전일대비 -0.30원(하락), 최근30일 평균(1475.9원) 대비 송금 유리"
2026-08-13,1419.4,"전일대비 +3.70원(상승), 최근30일 평균(1471.5원) 대비 송금 유리"
2026-08-14,1418.3,"전일대비 -1.10원(하락), 최근30일 평균(1466.9원) 대비 송금 유리"
2026-08-18,1411.8,"전일대비 -6.50원(하락), 최근30일 평균(1462.3원) 대비 송금 유리"
2026-08-19,1397.7,"전일대비 -14.10원(하락), 최근30일 평균(1458.6원) 대비 송금 유리"
2026-08-20,1392.6,"전일대비 -5.10원(하락), 최근30일 평균(1454.1원) 대비 송금 유리"
2026-08-21,1386.5,"전일대비 -6.10원(하락), 최근30일 평균(1449.6원) 대비 송금 유리"
2026-08-24,1382.4,"전일대비 -4.10원(하락), 최근30일 평균(1445.9원) 대비 송금 유리"
2026-08-25,1386.1,"전일대비 +3.70원(상승), 최근30일 평균(1441.8원) 대비 송금 유리"
2026-08-26,1384.8,"전일대비 -1.30원(하락), 최근30일 평균(1437.9원) 대비 송금 유리"
2026-08-27,1380.9,"전일대비 -3.90원(하락), 최근30일 평균(1434.0원) 대비 송금 유리"
2026-08-28,1372.5,"전일대비 -8.40원(하락), 최근30일 평균(1430.2원) 대비 송금 유리"
2026-08-31,1368.6,"전일대비 -3.90원(하락), 최근30일 평균(1426.5원) 대비 송금 유리"
2026-09-01,1370.4,"전일대비 +1.80원(상승), 최근30일 평균(1422.8원) 대비 송금 유리"
2026-09-02,1368.7,"전일대비 -1.70원(하락), 최근30일 평균(1419.2원) 대비 송금 유리"
